MSA;City;Generation;2007 Jobs;2013 Jobs;Job Change;% Job Change;2007 Share of All Jobs;2013 Share of All Jobs;Change in Share
44600;Steubenville-Weirton, OH-WV;Baby Boomer; 	9.190 ; 	8.711 ; 	(479);-5 %;18,2 %;19,7 %;1,5 %
27780;Johnstown, PA;Baby Boomer; 	10.851 ; 	11.750 ; 	899 ;8 %;16,6 %;18,9 %;2,3 %
48540;Wheeling, WV-OH;Baby Boomer; 	11.525 ; 	12.978 ; 	1.453 ;13 %;16,3 %;18,8 %;2,5 %
39460;Punta Gorda, FL;Baby Boomer; 	8.195 ; 	8.646 ; 	451 ;6 %;17,0 %;18,3 %;1,3 %
32780;Medford, OR;Baby Boomer; 	15.865 ; 	16.216 ; 	351 ;2 %;16,2 %;18,2 %;2,0 %
18700;Corvallis, OR;Baby Boomer; 	7.012 ; 	7.829 ; 	817 ;12 %;16,1 %;18,1 %;2,1 %
39140;Prescott, AZ;Baby Boomer; 	12.226 ; 	11.561 ; 	(665);-5 %;16,1 %;18,1 %;2,1 %
16180;Carson City, NV;Baby Boomer; 	5.798 ; 	5.222 ; 	(576);-10 %;16,8 %;18,0 %;1,2 %
49660;Youngstown-Warren-Boardman, OH-PA;Baby Boomer; 	41.069 ; 	43.534 ; 	2.465 ;6 %;15,9 %;18,0 %;2,1 %
21660;Eugene-Springfield, OR;Baby Boomer; 	27.951 ; 	28.492 ; 	541 ;2 %;16,1 %;17,9 %;1,8 %
12620;Bangor, ME;Baby Boomer; 	12.853 ; 	13.858 ; 	1.005 ;8 %;16,0 %;17,8 %;1,9 %
42140;Santa Fe, NM;Baby Boomer; 	12.424 ; 	12.692 ; 	268 ;2 %;16,0 %;17,7 %;1,7 %
38300;Pittsburgh, PA;Baby Boomer; 	188.925 ; 	216.237 ; 	27.312 ;14 %;15,5 %;17,7 %;2,2 %
48700;Williamsport, PA;Baby Boomer; 	9.373 ; 	10.599 ; 	1.226 ;13 %;16,3 %;17,7 %;1,5 %
22540;Fond du Lac, WI;Baby Boomer; 	8.252 ; 	9.055 ; 	803 ;10 %;15,8 %;17,7 %;1,9 %
35840;North Port-Bradenton-Sarasota, FL;Baby Boomer; 	49.780 ; 	47.975 ; 	(1.805);-4 %;16,0 %;17,6 %;1,7 %
38860;Portland-South Portland-Biddeford, ME;Baby Boomer; 	46.339 ; 	51.069 ; 	4.730 ;10 %;15,6 %;17,5 %;1,9 %
43100;Sheboygan, WI;Baby Boomer; 	10.067 ; 	10.820 ; 	753 ;7 %;14,9 %;17,5 %;2,6 %
11020;Altoona, PA;Baby Boomer; 	10.397 ; 	11.079 ; 	682 ;7 %;15,7 %;17,5 %;1,8 %
42680;Sebastian-Vero Beach, FL;Baby Boomer; 	9.123 ; 	9.319 ; 	196 ;2 %;16,3 %;17,4 %;1,2 %
19260;Danville, VA;Baby Boomer; 	7.002 ; 	7.553 ; 	551 ;8 %;15,9 %;17,4 %;1,6 %
37340;Palm Bay-Melbourne-Titusville, FL;Baby Boomer; 	34.625 ; 	36.789 ; 	2.164 ;6 %;15,3 %;17,4 %;2,0 %
39740;Reading, PA;Baby Boomer; 	29.425 ; 	31.804 ; 	2.379 ;8 %;15,6 %;17,3 %;1,7 %
35980;Norwich-New London, CT;Baby Boomer; 	23.477 ; 	24.636 ; 	1.159 ;5 %;15,8 %;17,3 %;1,5 %
31900;Mansfield, OH;Baby Boomer; 	9.895 ; 	9.385 ; 	(510);-5 %;16,1 %;17,3 %;1,2 %
43780;South Bend-Mishawaka, IN-MI;Baby Boomer; 	23.242 ; 	24.455 ; 	1.213 ;5 %;15,4 %;17,3 %;1,9 %
37380;Palm Coast, FL;Baby Boomer; 	3.554 ; 	3.826 ; 	272 ;8 %;16,3 %;17,3 %;1,0 %
36100;Ocala, FL;Baby Boomer; 	18.109 ; 	18.030 ; 	(79);-0 %;15,6 %;17,3 %;1,6 %
19660;Deltona-Daytona Beach-Ormond Beach, FL;Baby Boomer; 	29.298 ; 	29.538 ; 	240 ;1 %;15,7 %;17,3 %;1,6 %
25540;Hartford-West Hartford-East Hartford, CT;Baby Boomer; 	104.547 ; 	113.909 ; 	9.362 ;9 %;15,5 %;17,2 %;1,7 %
24500;Great Falls, MT;Baby Boomer; 	6.752 ; 	7.337 ; 	585 ;9 %;15,8 %;17,2 %;1,4 %
49620;York-Hanover, PA;Baby Boomer; 	30.438 ; 	32.539 ; 	2.101 ;7 %;15,6 %;17,2 %;1,7 %
42540;Scranton--Wilkes-Barre, PA;Baby Boomer; 	43.135 ; 	46.104 ; 	2.969 ;7 %;15,6 %;17,2 %;1,6 %
25420;Harrisburg-Carlisle, PA;Baby Boomer; 	53.485 ; 	57.663 ; 	4.178 ;8 %;15,5 %;17,2 %;1,8 %
16940;Cheyenne, WY;Baby Boomer; 	8.231 ; 	9.276 ; 	1.045 ;13 %;16,0 %;17,2 %;1,2 %
17460;Cleveland-Elyria-Mentor, OH;Baby Boomer; 	173.519 ; 	184.236 ; 	10.717 ;6 %;15,2 %;17,2 %;2,0 %
15940;Canton-Massillon, OH;Baby Boomer; 	28.889 ; 	30.929 ; 	2.040 ;7 %;15,4 %;17,2 %;1,8 %
31020;Longview, WA;Baby Boomer; 	6.484 ; 	6.652 ; 	168 ;3 %;15,4 %;17,2 %;1,8 %
45940;Trenton-Ewing, NJ;Baby Boomer; 	38.924 ; 	43.492 ; 	4.568 ;12 %;15,7 %;17,1 %;1,5 %
20260;Duluth, MN-WI;Baby Boomer; 	21.099 ; 	23.565 ; 	2.466 ;12 %;14,9 %;17,1 %;2,3 %
10900;Allentown-Bethlehem-Easton, PA-NJ;Baby Boomer; 	57.335 ; 	63.945 ; 	6.610 ;12 %;15,5 %;17,1 %;1,6 %
40220;Roanoke, VA;Baby Boomer; 	25.944 ; 	27.860 ; 	1.916 ;7 %;15,2 %;17,1 %;1,9 %
35300;New Haven-Milford, CT;Baby Boomer; 	65.012 ; 	68.923 ; 	3.911 ;6 %;15,9 %;17,1 %;1,3 %
33140;Michigan City-La Porte, IN;Baby Boomer; 	7.586 ; 	7.730 ; 	144 ;2 %;15,4 %;17,1 %;1,6 %
30140;Lebanon, PA;Baby Boomer; 	8.450 ; 	9.441 ; 	991 ;12 %;15,6 %;17,0 %;1,5 %
21500;Erie, PA;Baby Boomer; 	21.145 ; 	23.479 ; 	2.334 ;11 %;14,9 %;17,0 %;2,1 %
31700;Manchester-Nashua, NH;Baby Boomer; 	32.552 ; 	35.812 ; 	3.260 ;10 %;14,9 %;17,0 %;2,1 %
10420;Akron, OH;Baby Boomer; 	54.283 ; 	58.498 ; 	4.215 ;8 %;15,1 %;17,0 %;1,9 %
29540;Lancaster, PA;Baby Boomer; 	39.456 ; 	42.928 ; 	3.472 ;9 %;15,2 %;17,0 %;1,7 %
15540;Burlington-South Burlington, VT;Baby Boomer; 	19.082 ; 	22.519 ; 	3.437 ;18 %;14,8 %;16,9 %;2,1 %
19060;Cumberland, MD-WV;Baby Boomer; 	6.489 ; 	6.973 ; 	484 ;7 %;15,9 %;16,9 %;1,1 %
30620;Lima, OH;Baby Boomer; 	8.782 ; 	9.110 ; 	328 ;4 %;14,9 %;16,9 %;2,0 %
19380;Dayton, OH;Baby Boomer; 	65.724 ; 	67.832 ; 	2.108 ;3 %;15,2 %;16,9 %;1,7 %
16620;Charleston, WV;Baby Boomer; 	23.068 ; 	25.419 ; 	2.351 ;10 %;14,9 %;16,9 %;2,0 %
30340;Lewiston-Auburn, ME;Baby Boomer; 	8.374 ; 	8.968 ; 	594 ;7 %;15,0 %;16,9 %;1,8 %
13460;Bend, OR;Baby Boomer; 	12.032 ; 	12.100 ; 	68 ;1 %;14,8 %;16,9 %;2,1 %
44220;Springfield, OH;Baby Boomer; 	9.063 ; 	9.121 ; 	58 ;1 %;15,7 %;16,8 %;1,1 %
31340;Lynchburg, VA;Baby Boomer; 	18.200 ; 	19.420 ; 	1.220 ;7 %;15,4 %;16,8 %;1,5 %
29420;Lake Havasu City-Kingman, AZ;Baby Boomer; 	9.290 ; 	8.498 ; 	(792);-9 %;15,2 %;16,8 %;1,6 %
19500;Decatur, IL;Baby Boomer; 	8.699 ; 	8.973 ; 	274 ;3 %;15,0 %;16,8 %;1,8 %
13780;Binghamton, NY;Baby Boomer; 	17.847 ; 	18.509 ; 	662 ;4 %;15,0 %;16,8 %;1,8 %
38940;Port St. Lucie, FL;Baby Boomer; 	22.991 ; 	23.706 ; 	715 ;3 %;15,3 %;16,8 %;1,5 %
25860;Hickory-Lenoir-Morganton, NC;Baby Boomer; 	27.557 ; 	25.983 ; 	(1.574);-6 %;15,6 %;16,8 %;1,1 %
47220;Vineland-Millville-Bridgeton, NJ;Baby Boomer; 	10.429 ; 	10.561 ; 	132 ;1 %;15,6 %;16,8 %;1,1 %
28740;Kingston, NY;Baby Boomer; 	11.186 ; 	11.121 ; 	(65);-1 %;15,6 %;16,8 %;1,2 %
41420;Salem, OR;Baby Boomer; 	27.730 ; 	28.672 ; 	942 ;3 %;15,4 %;16,7 %;1,4 %
38220;Pine Bluff, AR;Baby Boomer; 	6.511 ; 	6.501 ; 	(10);-0 %;15,3 %;16,7 %;1,5 %
12100;Atlantic City-Hammonton, NJ;Baby Boomer; 	22.572 ; 	24.219 ; 	1.647 ;7 %;14,4 %;16,7 %;2,3 %
13740;Billings, MT;Baby Boomer; 	13.065 ; 	15.268 ; 	2.203 ;17 %;14,6 %;16,7 %;2,1 %
19180;Danville, IL;Baby Boomer; 	5.173 ; 	5.103 ; 	(70);-1 %;15,6 %;16,7 %;1,2 %
40580;Rocky Mount, NC;Baby Boomer; 	10.621 ; 	10.685 ; 	64 ;1 %;14,8 %;16,7 %;1,9 %
39540;Racine, WI;Baby Boomer; 	12.526 ; 	13.445 ; 	919 ;7 %;14,9 %;16,7 %;1,7 %
34940;Naples-Marco Island, FL;Baby Boomer; 	22.422 ; 	23.137 ; 	715 ;3 %;15,2 %;16,6 %;1,5 %
44300;State College, PA;Baby Boomer; 	12.260 ; 	13.494 ; 	1.234 ;10 %;15,4 %;16,6 %;1,2 %
29460;Lakeland-Winter Haven, FL;Baby Boomer; 	33.921 ; 	34.964 ; 	1.043 ;3 %;14,9 %;16,6 %;1,7 %
35660;Niles-Benton Harbor, MI;Baby Boomer; 	10.787 ; 	10.991 ; 	204 ;2 %;15,3 %;16,6 %;1,3 %
37620;Parkersburg-Marietta-Vienna, WV-OH;Baby Boomer; 	11.439 ; 	12.044 ; 	605 ;5 %;15,0 %;16,5 %;1,5 %
46540;Utica-Rome, NY;Baby Boomer; 	21.009 ; 	21.616 ; 	607 ;3 %;15,3 %;16,5 %;1,3 %
11300;Anderson, IN;Baby Boomer; 	6.680 ; 	7.402 ; 	722 ;11 %;14,7 %;16,5 %;1,8 %
26180;Honolulu, HI;Baby Boomer; 	82.602 ; 	89.876 ; 	7.274 ;9 %;15,0 %;16,5 %;1,4 %
22500;Florence, SC;Baby Boomer; 	14.342 ; 	14.541 ; 	199 ;1 %;15,5 %;16,5 %;1,0 %
36500;Olympia, WA;Baby Boomer; 	17.343 ; 	17.882 ; 	539 ;3 %;15,4 %;16,5 %;1,0 %
19340;Davenport-Moline-Rock Island, IA-IL;Baby Boomer; 	29.766 ; 	32.474 ; 	2.708 ;9 %;14,6 %;16,4 %;1,8 %
16220;Casper, WY;Baby Boomer; 	6.142 ; 	7.432 ; 	1.290 ;21 %;14,2 %;16,4 %;2,3 %
24020;Glens Falls, NY;Baby Boomer; 	8.753 ; 	9.749 ; 	996 ;11 %;14,8 %;16,4 %;1,6 %
24300;Grand Junction, CO;Baby Boomer; 	10.178 ; 	10.822 ; 	644 ;6 %;14,5 %;16,4 %;1,9 %
41540;Salisbury, MD;Baby Boomer; 	8.800 ; 	9.102 ; 	302 ;3 %;14,7 %;16,4 %;1,8 %
14860;Bridgeport-Stamford-Norwalk, CT;Baby Boomer; 	71.701 ; 	76.851 ; 	5.150 ;7 %;15,0 %;16,4 %;1,4 %
28700;Kingsport-Bristol-Bristol, TN-VA;Baby Boomer; 	20.163 ; 	21.136 ; 	973 ;5 %;15,1 %;16,4 %;1,4 %
15980;Cape Coral-Fort Myers, FL;Baby Boomer; 	37.119 ; 	37.640 ; 	521 ;1 %;15,0 %;16,4 %;1,4 %
41780;Sandusky, OH;Baby Boomer; 	6.013 ; 	6.642 ; 	629 ;10 %;14,6 %;16,4 %;1,8 %
43580;Sioux City, IA-NE-SD;Baby Boomer; 	11.680 ; 	13.532 ; 	1.852 ;16 %;14,2 %;16,4 %;2,2 %
23060;Fort Wayne, IN;Baby Boomer; 	32.959 ; 	36.467 ; 	3.508 ;11 %;14,5 %;16,4 %;1,9 %
45780;Toledo, OH;Baby Boomer; 	50.457 ; 	52.971 ; 	2.514 ;5 %;14,6 %;16,4 %;1,8 %
39820;Redding, CA;Baby Boomer; 	11.354 ; 	11.244 ; 	(110);-1 %;14,5 %;16,4 %;1,9 %
42220;Santa Rosa-Petaluma, CA;Baby Boomer; 	32.933 ; 	34.228 ; 	1.295 ;4 %;14,7 %;16,4 %;1,7 %
49180;Winston-Salem, NC;Baby Boomer; 	34.640 ; 	36.786 ; 	2.146 ;6 %;14,6 %;16,3 %;1,7 %
48140;Wausau, WI;Baby Boomer; 	11.112 ; 	11.673 ; 	561 ;5 %;14,2 %;16,3 %;2,1 %
29100;La Crosse, WI-MN;Baby Boomer; 	11.216 ; 	13.131 ; 	1.915 ;17 %;14,3 %;16,3 %;2,0 %
37980;Philadelphia-Camden-Wilmington, PA-NJ-DE-MD;Baby Boomer; 	433.350 ; 	472.130 ; 	38.780 ;9 %;14,6 %;16,3 %;1,7 %
26300;Hot Springs, AR;Baby Boomer; 	6.515 ; 	6.573 ; 	58 ;1 %;15,1 %;16,3 %;1,2 %
16820;Charlottesville, VA;Baby Boomer; 	16.356 ; 	17.450 ; 	1.094 ;7 %;15,0 %;16,3 %;1,3 %
27100;Jackson, MI;Baby Boomer; 	9.232 ; 	9.679 ; 	447 ;5 %;15,0 %;16,3 %;1,3 %
17820;Colorado Springs, CO;Baby Boomer; 	46.750 ; 	52.250 ; 	5.500 ;12 %;14,6 %;16,2 %;1,6 %
47940;Waterloo-Cedar Falls, IA;Baby Boomer; 	13.752 ; 	16.107 ; 	2.355 ;17 %;14,5 %;16,2 %;1,8 %
37900;Peoria, IL;Baby Boomer; 	28.928 ; 	30.767 ; 	1.839 ;6 %;14,6 %;16,2 %;1,6 %
40420;Rockford, IL;Baby Boomer; 	23.771 ; 	25.163 ; 	1.392 ;6 %;14,0 %;16,2 %;2,2 %
27500;Janesville, WI;Baby Boomer; 	10.624 ; 	11.014 ; 	390 ;4 %;14,1 %;16,2 %;2,1 %
39660;Rapid City, SD;Baby Boomer; 	9.873 ; 	11.489 ; 	1.616 ;16 %;14,1 %;16,2 %;2,1 %
39300;Providence-New Bedford-Fall River, RI-MA;Baby Boomer; 	111.338 ; 	118.131 ; 	6.793 ;6 %;14,4 %;16,2 %;1,8 %
43900;Spartanburg, SC;Baby Boomer; 	19.866 ; 	20.950 ; 	1.084 ;5 %;15,0 %;16,2 %;1,2 %
44940;Sumter, SC;Baby Boomer; 	7.019 ; 	7.268 ; 	249 ;4 %;14,8 %;16,2 %;1,4 %
12980;Battle Creek, MI;Baby Boomer; 	8.997 ; 	9.611 ; 	614 ;7 %;14,5 %;16,2 %;1,7 %
20220;Dubuque, IA;Baby Boomer; 	8.589 ; 	10.189 ; 	1.600 ;19 %;14,4 %;16,2 %;1,8 %
45060;Syracuse, NY;Baby Boomer; 	47.795 ; 	52.325 ; 	4.530 ;9 %;14,3 %;16,1 %;1,8 %
36140;Ocean City, NJ;Baby Boomer; 	6.991 ; 	7.006 ; 	15 ;0 %;14,8 %;16,1 %;1,4 %
48620;Wichita, KS;Baby Boomer; 	45.366 ; 	50.393 ; 	5.027 ;11 %;13,9 %;16,1 %;2,3 %
38900;Portland-Vancouver-Hillsboro, OR-WA;Baby Boomer; 	171.652 ; 	187.757 ; 	16.105 ;9 %;14,6 %;16,1 %;1,5 %
13980;Blacksburg-Christiansburg-Radford, VA;Baby Boomer; 	10.780 ; 	11.553 ; 	773 ;7 %;15,0 %;16,1 %;1,2 %
39100;Poughkeepsie-Newburgh-Middletown, NY;Baby Boomer; 	41.444 ; 	43.612 ; 	2.168 ;5 %;14,8 %;16,1 %;1,4 %
11700;Asheville, NC;Baby Boomer; 	29.628 ; 	31.623 ; 	1.995 ;7 %;14,7 %;16,1 %;1,4 %
21300;Elmira, NY;Baby Boomer; 	6.285 ; 	6.463 ; 	178 ;3 %;14,9 %;16,1 %;1,2 %
34740;Muskegon-Norton Shores, MI;Baby Boomer; 	9.906 ; 	10.716 ; 	810 ;8 %;14,3 %;16,1 %;1,8 %
45820;Topeka, KS;Baby Boomer; 	17.989 ; 	19.336 ; 	1.347 ;7 %;14,9 %;16,1 %;1,2 %
21780;Evansville, IN-KY;Baby Boomer; 	26.762 ; 	29.588 ; 	2.826 ;11 %;14,4 %;16,1 %;1,6 %
30300;Lewiston, ID-WA;Baby Boomer; 	4.330 ; 	4.581 ; 	251 ;6 %;14,6 %;16,1 %;1,5 %
25180;Hagerstown-Martinsburg, MD-WV;Baby Boomer; 	16.293 ; 	17.731 ; 	1.438 ;9 %;14,8 %;16,1 %;1,3 %
27060;Ithaca, NY;Baby Boomer; 	8.085 ; 	9.014 ; 	929 ;11 %;14,4 %;16,0 %;1,6 %
40380;Rochester, NY;Baby Boomer; 	77.078 ; 	84.157 ; 	7.079 ;9 %;14,5 %;16,0 %;1,6 %
45300;Tampa-St. Petersburg-Clearwater, FL;Baby Boomer; 	193.593 ; 	201.270 ; 	7.677 ;4 %;14,4 %;16,0 %;1,6 %
34100;Morristown, TN;Baby Boomer; 	8.297 ; 	7.943 ; 	(354);-4 %;15,2 %;16,0 %;0,8 %
15380;Buffalo-Niagara Falls, NY;Baby Boomer; 	80.331 ; 	90.275 ; 	9.944 ;12 %;14,2 %;16,0 %;1,8 %
44140;Springfield, MA;Baby Boomer; 	48.047 ; 	52.058 ; 	4.011 ;8 %;14,7 %;16,0 %;1,3 %
13900;Bismarck, ND;Baby Boomer; 	9.231 ; 	11.996 ; 	2.765 ;30 %;14,1 %;16,0 %;1,9 %
33340;Milwaukee-Waukesha-West Allis, WI;Baby Boomer; 	125.045 ; 	139.221 ; 	14.176 ;11 %;13,9 %;16,0 %;2,1 %
33540;Missoula, MT;Baby Boomer; 	8.906 ; 	10.103 ; 	1.197 ;13 %;14,0 %;16,0 %;1,9 %
24660;Greensboro-High Point, NC;Baby Boomer; 	56.490 ; 	59.528 ; 	3.038 ;5 %;14,3 %;16,0 %;1,7 %
49020;Winchester, VA-WV;Baby Boomer; 	9.074 ; 	10.145 ; 	1.071 ;12 %;14,5 %;15,9 %;1,4 %
28940;Knoxville, TN;Baby Boomer; 	53.477 ; 	57.660 ; 	4.183 ;8 %;14,5 %;15,9 %;1,4 %
46060;Tucson, AZ;Baby Boomer; 	61.708 ; 	65.082 ; 	3.374 ;5 %;14,4 %;15,9 %;1,6 %
27900;Joplin, MO;Baby Boomer; 	12.549 ; 	13.561 ; 	1.012 ;8 %;14,3 %;15,9 %;1,6 %
28100;Kankakee-Bradley, IL;Baby Boomer; 	6.972 ; 	7.262 ; 	290 ;4 %;14,6 %;15,9 %;1,3 %
39380;Pueblo, CO;Baby Boomer; 	9.141 ; 	10.147 ; 	1.006 ;11 %;14,4 %;15,9 %;1,5 %
12580;Baltimore-Towson, MD;Baby Boomer; 	206.884 ; 	229.206 ; 	22.322 ;11 %;14,5 %;15,9 %;1,4 %
27620;Jefferson City, MO;Baby Boomer; 	12.225 ; 	12.803 ; 	578 ;5 %;14,6 %;15,9 %;1,3 %
40060;Richmond, VA;Baby Boomer; 	95.313 ; 	105.793 ; 	10.480 ;11 %;14,1 %;15,9 %;1,7 %
35620;New York-Northern New Jersey-Long Island, NY-NJ-PA;Baby Boomer; 	1.347.060 ; 	1.473.872 ; 	126.812 ;9 %;14,6 %;15,9 %;1,2 %
18880;Crestview-Fort Walton Beach-Destin, FL;Baby Boomer; 	15.316 ; 	15.726 ; 	410 ;3 %;14,6 %;15,9 %;1,3 %
14740;Bremerton-Silverdale, WA;Baby Boomer; 	15.919 ; 	15.748 ; 	(171);-1 %;14,9 %;15,9 %;1,0 %
37860;Pensacola-Ferry Pass-Brent, FL;Baby Boomer; 	28.345 ; 	29.059 ; 	714 ;3 %;14,7 %;15,9 %;1,2 %
11340;Anderson, SC;Baby Boomer; 	10.127 ; 	10.558 ; 	431 ;4 %;14,6 %;15,9 %;1,2 %
33780;Monroe, MI;Baby Boomer; 	6.707 ; 	6.745 ; 	38 ;1 %;14,3 %;15,9 %;1,6 %
10580;Albany-Schenectady-Troy, NY;Baby Boomer; 	67.265 ; 	72.520 ; 	5.255 ;8 %;14,5 %;15,8 %;1,4 %
37700;Pascagoula, MS;Baby Boomer; 	8.981 ; 	9.535 ; 	554 ;6 %;14,6 %;15,8 %;1,2 %
29020;Kokomo, IN;Baby Boomer; 	7.252 ; 	7.198 ; 	(54);-1 %;14,7 %;15,8 %;1,1 %
47020;Victoria, TX;Baby Boomer; 	7.593 ; 	9.093 ; 	1.500 ;20 %;13,5 %;15,8 %;2,3 %
23540;Gainesville, FL;Baby Boomer; 	20.947 ; 	21.511 ; 	564 ;3 %;14,7 %;15,8 %;1,1 %
49340;Worcester, MA;Baby Boomer; 	51.215 ; 	56.474 ; 	5.259 ;10 %;14,3 %;15,8 %;1,5 %
39900;Reno-Sparks, NV;Baby Boomer; 	34.074 ; 	32.016 ; 	(2.058);-6 %;14,3 %;15,8 %;1,5 %
40340;Rochester, MN;Baby Boomer; 	15.293 ; 	17.817 ; 	2.524 ;17 %;13,5 %;15,8 %;2,3 %
16860;Chattanooga, TN-GA;Baby Boomer; 	38.468 ; 	40.070 ; 	1.602 ;4 %;14,4 %;15,8 %;1,4 %
28020;Kalamazoo-Portage, MI;Baby Boomer; 	21.589 ; 	23.078 ; 	1.489 ;7 %;14,0 %;15,8 %;1,8 %
33100;Miami-Fort Lauderdale-Pompano Beach, FL;Baby Boomer; 	385.342 ; 	399.354 ; 	14.012 ;4 %;14,6 %;15,8 %;1,1 %
25500;Harrisonburg, VA;Baby Boomer; 	9.388 ; 	10.626 ; 	1.238 ;13 %;14,0 %;15,8 %;1,7 %
45460;Terre Haute, IN;Baby Boomer; 	11.007 ; 	11.816 ; 	809 ;7 %;14,3 %;15,8 %;1,4 %
45220;Tallahassee, FL;Baby Boomer; 	27.934 ; 	27.978 ; 	44 ;0 %;14,8 %;15,8 %;1,0 %
29140;Lafayette, IN;Baby Boomer; 	13.486 ; 	16.060 ; 	2.574 ;19 %;13,9 %;15,7 %;1,8 %
27180;Jackson, TN;Baby Boomer; 	9.329 ; 	10.148 ; 	819 ;9 %;14,1 %;15,7 %;1,6 %
15500;Burlington, NC;Baby Boomer; 	9.707 ; 	10.369 ; 	662 ;7 %;14,4 %;15,7 %;1,3 %
44100;Springfield, IL;Baby Boomer; 	20.798 ; 	21.873 ; 	1.075 ;5 %;14,7 %;15,7 %;1,0 %
14020;Bloomington, IN;Baby Boomer; 	12.546 ; 	13.049 ; 	503 ;4 %;14,4 %;15,7 %;1,4 %
34580;Mount Vernon-Anacortes, WA;Baby Boomer; 	7.938 ; 	8.170 ; 	232 ;3 %;14,2 %;15,7 %;1,5 %
36780;Oshkosh-Neenah, WI;Baby Boomer; 	13.113 ; 	15.385 ; 	2.272 ;17 %;13,5 %;15,7 %;2,2 %
46140;Tulsa, OK;Baby Boomer; 	66.133 ; 	72.434 ; 	6.301 ;10 %;14,1 %;15,7 %;1,6 %
42100;Santa Cruz-Watsonville, CA;Baby Boomer; 	16.431 ; 	18.073 ; 	1.642 ;10 %;14,1 %;15,7 %;1,6 %
13020;Bay City, MI;Baby Boomer; 	5.696 ; 	6.133 ; 	437 ;8 %;14,0 %;15,7 %;1,7 %
10740;Albuquerque, NM;Baby Boomer; 	60.008 ; 	64.084 ; 	4.076 ;7 %;13,9 %;15,7 %;1,7 %
17900;Columbia, SC;Baby Boomer; 	56.129 ; 	60.886 ; 	4.757 ;8 %;14,3 %;15,7 %;1,3 %
24860;Greenville-Mauldin-Easley, SC;Baby Boomer; 	48.331 ; 	50.612 ; 	2.281 ;5 %;14,6 %;15,6 %;1,0 %
44060;Spokane, WA;Baby Boomer; 	33.669 ; 	36.382 ; 	2.713 ;8 %;14,0 %;15,6 %;1,6 %
16300;Cedar Rapids, IA;Baby Boomer; 	20.737 ; 	23.811 ; 	3.074 ;15 %;14,0 %;15,6 %;1,7 %
20500;Durham-Chapel Hill, NC;Baby Boomer; 	42.211 ; 	48.443 ; 	6.232 ;15 %;13,8 %;15,6 %;1,9 %
17140;Cincinnati-Middletown, OH-KY-IN;Baby Boomer; 	150.750 ; 	165.838 ; 	15.088 ;10 %;13,6 %;15,6 %;2,0 %
32820;Memphis, TN-MS-AR;Baby Boomer; 	95.107 ; 	102.633 ; 	7.526 ;8 %;13,7 %;15,6 %;1,9 %
36980;Owensboro, KY;Baby Boomer; 	8.003 ; 	9.037 ; 	1.034 ;13 %;14,3 %;15,5 %;1,3 %
41860;San Francisco-Oakland-Fremont, CA;Baby Boomer; 	323.441 ; 	357.624 ; 	34.183 ;11 %;14,1 %;15,5 %;1,5 %
33660;Mobile, AL;Baby Boomer; 	27.817 ; 	29.920 ; 	2.103 ;8 %;13,8 %;15,5 %;1,7 %
24220;Grand Forks, ND-MN;Baby Boomer; 	8.615 ; 	9.719 ; 	1.104 ;13 %;14,0 %;15,5 %;1,6 %
38340;Pittsfield, MA;Baby Boomer; 	10.097 ; 	10.607 ; 	510 ;5 %;14,1 %;15,5 %;1,4 %
34620;Muncie, IN;Baby Boomer; 	7.829 ; 	7.789 ; 	(40);-1 %;14,4 %;15,5 %;1,1 %
13380;Bellingham, WA;Baby Boomer; 	13.541 ; 	14.429 ; 	888 ;7 %;14,2 %;15,5 %;1,3 %
41180;St. Louis, MO-IL;Baby Boomer; 	198.358 ; 	218.629 ; 	20.271 ;10 %;13,6 %;15,5 %;1,9 %
19820;Detroit-Warren-Livonia, MI;Baby Boomer; 	281.190 ; 	299.077 ; 	17.887 ;6 %;13,8 %;15,5 %;1,7 %
29620;Lansing-East Lansing, MI;Baby Boomer; 	32.827 ; 	34.309 ; 	1.482 ;5 %;14,1 %;15,5 %;1,4 %
11460;Ann Arbor, MI;Baby Boomer; 	30.956 ; 	34.955 ; 	3.999 ;13 %;14,2 %;15,5 %;1,2 %
17420;Cleveland, TN;Baby Boomer; 	6.748 ; 	7.270 ; 	522 ;8 %;14,7 %;15,5 %;0,8 %
13820;Birmingham-Hoover, AL;Baby Boomer; 	78.267 ; 	81.760 ; 	3.493 ;4 %;13,9 %;15,5 %;1,6 %
24140;Goldsboro, NC;Baby Boomer; 	7.723 ; 	8.221 ; 	498 ;6 %;14,0 %;15,5 %;1,4 %
41140;St. Joseph, MO-KS;Baby Boomer; 	8.553 ; 	9.351 ; 	798 ;9 %;13,7 %;15,4 %;1,8 %
17660;Coeur d'Alene, ID;Baby Boomer; 	8.901 ; 	9.134 ; 	233 ;3 %;13,8 %;15,4 %;1,6 %
30020;Lawton, OK;Baby Boomer; 	8.378 ; 	9.038 ; 	660 ;8 %;14,5 %;15,4 %;0,9 %
47260;Virginia Beach-Norfolk-Newport News, VA-NC;Baby Boomer; 	126.982 ; 	135.794 ; 	8.812 ;7 %;13,9 %;15,4 %;1,5 %
16980;Chicago-Joliet-Naperville, IL-IN-WI;Baby Boomer; 	656.416 ; 	712.246 ; 	55.830 ;9 %;13,7 %;15,4 %;1,7 %
27260;Jacksonville, FL;Baby Boomer; 	93.048 ; 	100.204 ; 	7.156 ;8 %;13,8 %;15,4 %;1,5 %
24580;Green Bay, WI;Baby Boomer; 	23.831 ; 	27.962 ; 	4.131 ;17 %;13,1 %;15,4 %;2,3 %
37460;Panama City-Lynn Haven-Panama City Beach, FL;Baby Boomer; 	11.734 ; 	12.006 ; 	272 ;2 %;14,0 %;15,4 %;1,4 %
21140;Elkhart-Goshen, IN;Baby Boomer; 	18.125 ; 	18.297 ; 	172 ;1 %;13,6 %;15,4 %;1,8 %
17020;Chico, CA;Baby Boomer; 	12.123 ; 	12.625 ; 	502 ;4 %;13,8 %;15,4 %;1,5 %
36540;Omaha-Council Bluffs, NE-IA;Baby Boomer; 	67.848 ; 	77.377 ; 	9.529 ;14 %;13,6 %;15,3 %;1,8 %
34900;Napa, CA;Baby Boomer; 	10.597 ; 	11.905 ; 	1.308 ;12 %;13,9 %;15,3 %;1,5 %
38540;Pocatello, ID;Baby Boomer; 	5.855 ; 	5.976 ; 	121 ;2 %;13,4 %;15,3 %;1,9 %
20100;Dover, DE;Baby Boomer; 	10.397 ; 	10.917 ; 	520 ;5 %;14,2 %;15,3 %;1,1 %
30700;Lincoln, NE;Baby Boomer; 	24.957 ; 	28.142 ; 	3.185 ;13 %;13,7 %;15,3 %;1,6 %
43300;Sherman-Denison, TX;Baby Boomer; 	6.908 ; 	7.423 ; 	515 ;7 %;14,1 %;15,3 %;1,1 %
22420;Flint, MI;Baby Boomer; 	22.001 ; 	22.460 ; 	459 ;2 %;13,8 %;15,3 %;1,4 %
12260;Augusta-Richmond County, GA-SC;Baby Boomer; 	34.149 ; 	37.149 ; 	3.000 ;9 %;14,1 %;15,3 %;1,2 %
26580;Huntington-Ashland, WV-KY-OH;Baby Boomer; 	17.185 ; 	18.044 ; 	859 ;5 %;13,9 %;15,2 %;1,4 %
42020;San Luis Obispo-Paso Robles, CA;Baby Boomer; 	17.016 ; 	19.344 ; 	2.328 ;14 %;13,7 %;15,2 %;1,6 %
42660;Seattle-Tacoma-Bellevue, WA;Baby Boomer; 	265.334 ; 	298.756 ; 	33.422 ;13 %;13,6 %;15,2 %;1,6 %
27740;Johnson City, TN;Baby Boomer; 	12.567 ; 	12.712 ; 	145 ;1 %;14,4 %;15,2 %;0,8 %
48660;Wichita Falls, TX;Baby Boomer; 	10.394 ; 	10.517 ; 	123 ;1 %;14,0 %;15,2 %;1,2 %
28420;Kennewick-Pasco-Richland, WA;Baby Boomer; 	15.372 ; 	18.462 ; 	3.090 ;20 %;13,9 %;15,2 %;1,3 %
19740;Denver-Aurora-Broomfield, CO;Baby Boomer; 	185.290 ; 	215.472 ; 	30.182 ;16 %;13,6 %;15,2 %;1,6 %
16580;Champaign-Urbana, IL;Baby Boomer; 	15.063 ; 	16.437 ; 	1.374 ;9 %;13,5 %;15,2 %;1,7 %
22900;Fort Smith, AR-OK;Baby Boomer; 	18.746 ; 	19.158 ; 	412 ;2 %;13,7 %;15,2 %;1,5 %
19140;Dalton, GA;Baby Boomer; 	10.686 ; 	9.943 ; 	(743);-7 %;13,3 %;15,2 %;1,8 %
11500;Anniston-Oxford, AL;Baby Boomer; 	8.031 ; 	7.690 ; 	(341);-4 %;14,2 %;15,2 %;0,9 %
31540;Madison, WI;Baby Boomer; 	50.614 ; 	56.622 ; 	6.008 ;12 %;13,7 %;15,2 %;1,5 %
22140;Farmington, NM;Baby Boomer; 	7.497 ; 	8.287 ; 	790 ;11 %;13,2 %;15,2 %;1,9 %
28140;Kansas City, MO-KS;Baby Boomer; 	150.945 ; 	163.505 ; 	12.560 ;8 %;13,7 %;15,2 %;1,4 %
43340;Shreveport-Bossier City, LA;Baby Boomer; 	27.719 ; 	29.403 ; 	1.684 ;6 %;14,0 %;15,2 %;1,2 %
11540;Appleton, WI;Baby Boomer; 	16.778 ; 	19.443 ; 	2.665 ;16 %;13,0 %;15,1 %;2,1 %
31860;Mankato-North Mankato, MN;Baby Boomer; 	7.755 ; 	8.758 ; 	1.003 ;13 %;13,3 %;15,1 %;1,9 %
49700;Yuba City, CA;Baby Boomer; 	7.992 ; 	8.196 ; 	204 ;3 %;14,0 %;15,1 %;1,2 %
29740;Las Cruces, NM;Baby Boomer; 	11.255 ; 	12.559 ; 	1.304 ;12 %;13,9 %;15,1 %;1,2 %
46700;Vallejo-Fairfield, CA;Baby Boomer; 	20.641 ; 	21.902 ; 	1.261 ;6 %;13,7 %;15,1 %;1,4 %
26980;Iowa City, IA;Baby Boomer; 	12.649 ; 	14.686 ; 	2.037 ;16 %;13,8 %;15,1 %;1,3 %
35380;New Orleans-Metairie-Kenner, LA;Baby Boomer; 	78.777 ; 	88.691 ; 	9.914 ;13 %;13,9 %;15,1 %;1,2 %
40980;Saginaw-Saginaw Township North, MI;Baby Boomer; 	12.802 ; 	13.441 ; 	639 ;5 %;13,7 %;15,1 %;1,4 %
24340;Grand Rapids-Wyoming, MI;Baby Boomer; 	53.762 ; 	64.788 ; 	11.026 ;21 %;13,0 %;15,1 %;2,0 %
20740;Eau Claire, WI;Baby Boomer; 	11.784 ; 	13.234 ; 	1.450 ;12 %;13,6 %;15,1 %;1,4 %
30780;Little Rock-North Little Rock-Conway, AR;Baby Boomer; 	51.098 ; 	55.779 ; 	4.681 ;9 %;13,8 %;15,1 %;1,3 %
12700;Barnstable Town, MA;Baby Boomer; 	14.971 ; 	16.201 ; 	1.230 ;8 %;13,8 %;15,1 %;1,3 %
11180;Ames, IA;Baby Boomer; 	6.684 ; 	7.452 ; 	768 ;11 %;13,7 %;15,0 %;1,3 %
24540;Greeley, CO;Baby Boomer; 	13.674 ; 	15.481 ; 	1.807 ;13 %;13,9 %;15,0 %;1,2 %
10500;Albany, GA;Baby Boomer; 	9.496 ; 	9.948 ; 	452 ;5 %;13,6 %;15,0 %;1,4 %
48900;Wilmington, NC;Baby Boomer; 	22.913 ; 	23.267 ; 	354 ;2 %;14,0 %;15,0 %;1,0 %
19780;Des Moines-West Des Moines, IA;Baby Boomer; 	47.884 ; 	54.869 ; 	6.985 ;15 %;13,6 %;15,0 %;1,5 %
20020;Dothan, AL;Baby Boomer; 	9.364 ; 	9.244 ; 	(120);-1 %;13,8 %;15,0 %;1,3 %
42060;Santa Barbara-Santa Maria-Goleta, CA;Baby Boomer; 	29.263 ; 	32.372 ; 	3.109 ;11 %;13,6 %;15,0 %;1,4 %
27140;Jackson, MS;Baby Boomer; 	37.438 ; 	40.897 ; 	3.459 ;9 %;13,6 %;15,0 %;1,4 %
20940;El Centro, CA;Baby Boomer; 	8.941 ; 	10.183 ; 	1.242 ;14 %;13,9 %;15,0 %;1,2 %
14460;Boston-Cambridge-Quincy, MA-NH;Baby Boomer; 	359.858 ; 	408.816 ; 	48.958 ;14 %;13,5 %;15,0 %;1,5 %
22520;Florence-Muscle Shoals, AL;Baby Boomer; 	8.305 ; 	8.832 ; 	527 ;6 %;13,7 %;15,0 %;1,4 %
26100;Holland-Grand Haven, MI;Baby Boomer; 	16.045 ; 	18.758 ; 	2.713 ;17 %;12,9 %;15,0 %;2,1 %
26620;Huntsville, AL;Baby Boomer; 	30.295 ; 	33.021 ; 	2.726 ;9 %;13,6 %;15,0 %;1,3 %
16020;Cape Girardeau-Jackson, MO-IL;Baby Boomer; 	7.009 ; 	7.298 ; 	289 ;4 %;13,7 %;15,0 %;1,3 %
34980;Nashville-Davidson--Murfreesboro--Franklin, TN;Baby Boomer; 	117.314 ; 	133.821 ; 	16.507 ;14 %;13,6 %;15,0 %;1,4 %
19460;Decatur, AL;Baby Boomer; 	8.635 ; 	8.726 ; 	91 ;1 %;13,7 %;15,0 %;1,2 %
14500;Boulder, CO;Baby Boomer; 	24.216 ; 	28.018 ; 	3.802 ;16 %;13,4 %;15,0 %;1,6 %
47380;Waco, TX;Baby Boomer; 	16.009 ; 	17.571 ; 	1.562 ;10 %;13,7 %;15,0 %;1,3 %
44180;Springfield, MO;Baby Boomer; 	29.037 ; 	31.705 ; 	2.668 ;9 %;13,4 %;15,0 %;1,5 %
34060;Morgantown, WV;Baby Boomer; 	8.451 ; 	10.184 ; 	1.733 ;21 %;13,8 %;14,9 %;1,2 %
29340;Lake Charles, LA;Baby Boomer; 	12.694 ; 	15.097 ; 	2.403 ;19 %;12,8 %;14,9 %;2,2 %
33460;Minneapolis-St. Paul-Bloomington, MN-WI;Baby Boomer; 	258.370 ; 	292.633 ; 	34.263 ;13 %;13,3 %;14,9 %;1,6 %
36420;Oklahoma City, OK;Baby Boomer; 	87.197 ; 	98.489 ; 	11.292 ;13 %;13,7 %;14,9 %;1,2 %
33860;Montgomery, AL;Baby Boomer; 	26.518 ; 	26.855 ; 	337 ;1 %;13,6 %;14,9 %;1,3 %
31140;Louisville/Jefferson County, KY-IN;Baby Boomer; 	87.655 ; 	98.356 ; 	10.701 ;12 %;13,3 %;14,9 %;1,6 %
15260;Brunswick, GA;Baby Boomer; 	6.569 ; 	6.478 ; 	(91);-1 %;13,5 %;14,9 %;1,4 %
47900;Washington-Arlington-Alexandria, DC-VA-MD-WV;Baby Boomer; 	445.084 ; 	495.413 ; 	50.329 ;11 %;13,7 %;14,9 %;1,2 %
18020;Columbus, IN;Baby Boomer; 	6.595 ; 	7.747 ; 	1.152 ;17 %;14,1 %;14,9 %;0,8 %
40900;Sacramento--Arden-Arcade--Roseville, CA;Baby Boomer; 	141.065 ; 	144.634 ; 	3.569 ;3 %;13,4 %;14,9 %;1,5 %
17300;Clarksville, TN-KY;Baby Boomer; 	17.214 ; 	19.074 ; 	1.860 ;11 %;13,9 %;14,9 %;0,9 %
22660;Fort Collins-Loveland, CO;Baby Boomer; 	19.740 ; 	23.181 ; 	3.441 ;17 %;13,1 %;14,9 %;1,8 %
22380;Flagstaff, AZ;Baby Boomer; 	8.982 ; 	9.740 ; 	758 ;8 %;13,4 %;14,9 %;1,4 %
10780;Alexandria, LA;Baby Boomer; 	9.617 ; 	10.164 ; 	547 ;6 %;13,4 %;14,9 %;1,5 %
10180;Abilene, TX;Baby Boomer; 	10.657 ; 	11.679 ; 	1.022 ;10 %;13,7 %;14,8 %;1,2 %
44700;Stockton, CA;Baby Boomer; 	34.041 ; 	34.891 ; 	850 ;2 %;13,5 %;14,8 %;1,3 %
34820;Myrtle Beach-North Myrtle Beach-Conway, SC;Baby Boomer; 	18.443 ; 	18.245 ; 	(198);-1 %;14,3 %;14,8 %;0,6 %
16700;Charleston-North Charleston-Summerville, SC;Baby Boomer; 	44.269 ; 	49.424 ; 	5.155 ;12 %;13,7 %;14,8 %;1,2 %
31100;Los Angeles-Long Beach-Santa Ana, CA;Baby Boomer; 	869.690 ; 	925.254 ; 	55.564 ;6 %;13,3 %;14,8 %;1,5 %
26900;Indianapolis-Carmel, IN;Baby Boomer; 	125.718 ; 	144.015 ; 	18.297 ;15 %;13,2 %;14,8 %;1,6 %
36740;Orlando-Kissimmee-Sanford, FL;Baby Boomer; 	150.294 ; 	164.846 ; 	14.552 ;10 %;13,3 %;14,8 %;1,5 %
23460;Gadsden, AL;Baby Boomer; 	5.827 ; 	5.869 ; 	42 ;1 %;14,2 %;14,8 %;0,6 %
43620;Sioux Falls, SD;Baby Boomer; 	18.613 ; 	22.580 ; 	3.967 ;21 %;12,8 %;14,7 %;1,9 %
18140;Columbus, OH;Baby Boomer; 	132.613 ; 	149.161 ; 	16.548 ;12 %;13,2 %;14,7 %;1,5 %
31740;Manhattan, KS;Baby Boomer; 	9.373 ; 	11.008 ; 	1.635 ;17 %;13,4 %;14,7 %;1,3 %
31460;Madera-Chowchilla, CA;Baby Boomer; 	7.078 ; 	7.699 ; 	621 ;9 %;13,5 %;14,7 %;1,2 %
33740;Monroe, LA;Baby Boomer; 	11.348 ; 	12.208 ; 	860 ;8 %;13,2 %;14,7 %;1,5 %
41660;San Angelo, TX;Baby Boomer; 	7.147 ; 	8.201 ; 	1.054 ;15 %;13,3 %;14,7 %;1,4 %
26420;Houston-Sugar Land-Baytown, TX;Baby Boomer; 	364.072 ; 	447.457 ; 	83.385 ;23 %;13,1 %;14,6 %;1,6 %
14060;Bloomington-Normal, IL;Baby Boomer; 	12.013 ; 	13.759 ; 	1.746 ;15 %;12,7 %;14,6 %;1,9 %
28660;Killeen-Temple-Fort Hood, TX;Baby Boomer; 	25.362 ; 	27.269 ; 	1.907 ;8 %;13,7 %;14,6 %;0,9 %
25060;Gulfport-Biloxi, MS;Baby Boomer; 	16.687 ; 	17.329 ; 	642 ;4 %;13,4 %;14,6 %;1,2 %
32900;Merced, CA;Baby Boomer; 	10.597 ; 	11.832 ; 	1.235 ;12 %;13,2 %;14,6 %;1,4 %
14260;Boise City-Nampa, ID;Baby Boomer; 	40.395 ; 	44.180 ; 	3.785 ;9 %;12,9 %;14,6 %;1,7 %
30460;Lexington-Fayette, KY;Baby Boomer; 	36.797 ; 	41.913 ; 	5.116 ;14 %;13,1 %;14,6 %;1,5 %
17980;Columbus, GA-AL;Baby Boomer; 	19.607 ; 	21.605 ; 	1.998 ;10 %;13,2 %;14,6 %;1,4 %
47580;Warner Robins, GA;Baby Boomer; 	8.818 ; 	9.611 ; 	793 ;9 %;13,4 %;14,6 %;1,2 %
40660;Rome, GA;Baby Boomer; 	6.057 ; 	6.130 ; 	73 ;1 %;13,4 %;14,6 %;1,2 %
46340;Tyler, TX;Baby Boomer; 	14.127 ; 	15.249 ; 	1.122 ;8 %;13,5 %;14,6 %;1,1 %
11260;Anchorage, AK;Baby Boomer; 	25.788 ; 	30.046 ; 	4.258 ;17 %;13,0 %;14,5 %;1,6 %
13140;Beaumont-Port Arthur, TX;Baby Boomer; 	23.634 ; 	25.336 ; 	1.702 ;7 %;13,4 %;14,5 %;1,2 %
11100;Amarillo, TX;Baby Boomer; 	15.727 ; 	18.025 ; 	2.298 ;15 %;12,8 %;14,5 %;1,7 %
30980;Longview, TX;Baby Boomer; 	14.293 ; 	16.288 ; 	1.995 ;14 %;13,6 %;14,5 %;0,9 %
29820;Las Vegas-Paradise, NV;Baby Boomer; 	133.793 ; 	131.733 ; 	(2.060);-2 %;13,4 %;14,5 %;1,1 %
49420;Yakima, WA;Baby Boomer; 	15.197 ; 	16.662 ; 	1.465 ;10 %;13,6 %;14,5 %;0,8 %
41500;Salinas, CA;Baby Boomer; 	26.538 ; 	28.308 ; 	1.770 ;7 %;13,5 %;14,5 %;1,0 %
46220;Tuscaloosa, AL;Baby Boomer; 	13.424 ; 	14.864 ; 	1.440 ;11 %;13,0 %;14,4 %;1,5 %
41060;St. Cloud, MN;Baby Boomer; 	13.637 ; 	15.968 ; 	2.331 ;17 %;12,3 %;14,4 %;2,1 %
33700;Modesto, CA;Baby Boomer; 	25.884 ; 	26.815 ; 	931 ;4 %;13,1 %;14,4 %;1,3 %
21060;Elizabethtown, KY;Baby Boomer; 	7.710 ; 	9.161 ; 	1.451 ;19 %;13,0 %;14,4 %;1,4 %
49740;Yuma, AZ;Baby Boomer; 	10.254 ; 	10.503 ; 	249 ;2 %;13,3 %;14,4 %;1,1 %
37100;Oxnard-Thousand Oaks-Ventura, CA;Baby Boomer; 	48.082 ; 	51.371 ; 	3.289 ;7 %;13,0 %;14,4 %;1,4 %
24780;Greenville, NC;Baby Boomer; 	11.226 ; 	12.500 ; 	1.274 ;11 %;13,0 %;14,4 %;1,3 %
41740;San Diego-Carlsbad-San Marcos, CA;Baby Boomer; 	206.668 ; 	223.341 ; 	16.673 ;8 %;13,0 %;14,4 %;1,4 %
17860;Columbia, MO;Baby Boomer; 	12.653 ; 	14.436 ; 	1.783 ;14 %;13,3 %;14,3 %;1,1 %
16740;Charlotte-Gastonia-Rock Hill, NC-SC;Baby Boomer; 	120.509 ; 	135.773 ; 	15.264 ;13 %;13,0 %;14,3 %;1,4 %
33260;Midland, TX;Baby Boomer; 	9.230 ; 	13.264 ; 	4.034 ;44 %;12,6 %;14,3 %;1,7 %
15180;Brownsville-Harlingen, TX;Baby Boomer; 	18.309 ; 	21.353 ; 	3.044 ;17 %;13,0 %;14,3 %;1,3 %
25980;Hinesville-Fort Stewart, GA;Baby Boomer; 	4.956 ; 	5.249 ; 	293 ;6 %;14,0 %;14,3 %;0,3 %
18580;Corpus Christi, TX;Baby Boomer; 	26.043 ; 	29.878 ; 	3.835 ;15 %;13,0 %;14,2 %;1,3 %
12940;Baton Rouge, LA;Baby Boomer; 	52.268 ; 	58.380 ; 	6.112 ;12 %;12,8 %;14,2 %;1,4 %
38060;Phoenix-Mesa-Glendale, AZ;Baby Boomer; 	258.158 ; 	281.564 ; 	23.406 ;9 %;12,5 %;14,2 %;1,7 %
31420;Macon, GA;Baby Boomer; 	14.281 ; 	14.953 ; 	672 ;5 %;13,3 %;14,2 %;0,9 %
25260;Hanford-Corcoran, CA;Baby Boomer; 	7.268 ; 	7.137 ; 	(131);-2 %;13,2 %;14,2 %;1,0 %
41940;San Jose-Sunnyvale-Santa Clara, CA;Baby Boomer; 	127.511 ; 	147.002 ; 	19.491 ;15 %;12,6 %;14,2 %;1,5 %
48300;Wenatchee-East Wenatchee, WA;Baby Boomer; 	7.521 ; 	8.051 ; 	530 ;7 %;13,3 %;14,2 %;0,9 %
22180;Fayetteville, NC;Baby Boomer; 	24.930 ; 	27.091 ; 	2.161 ;9 %;13,2 %;14,1 %;1,0 %
23420;Fresno, CA;Baby Boomer; 	50.957 ; 	54.173 ; 	3.216 ;6 %;12,8 %;14,1 %;1,3 %
22020;Fargo, ND-MN;Baby Boomer; 	16.166 ; 	20.244 ; 	4.078 ;25 %;12,5 %;14,1 %;1,6 %
27860;Jonesboro, AR;Baby Boomer; 	7.224 ; 	8.110 ; 	886 ;12 %;13,4 %;14,1 %;0,7 %
42340;Savannah, GA;Baby Boomer; 	22.383 ; 	23.782 ; 	1.399 ;6 %;12,9 %;14,1 %;1,2 %
12020;Athens-Clarke County, GA;Baby Boomer; 	11.779 ; 	13.210 ; 	1.431 ;12 %;13,0 %;14,1 %;1,1 %
21820;Fairbanks, AK;Baby Boomer; 	6.584 ; 	7.042 ; 	458 ;7 %;13,0 %;14,0 %;1,1 %
40140;Riverside-San Bernardino-Ontario, CA;Baby Boomer; 	192.622 ; 	197.319 ; 	4.697 ;2 %;12,7 %;14,0 %;1,3 %
14540;Bowling Green, KY;Baby Boomer; 	8.192 ; 	9.384 ; 	1.192 ;15 %;12,4 %;14,0 %;1,6 %
39580;Raleigh-Cary, NC;Baby Boomer; 	70.822 ; 	80.177 ; 	9.355 ;13 %;12,6 %;14,0 %;1,3 %
22220;Fayetteville-Springdale-Rogers, AR-MO;Baby Boomer; 	28.554 ; 	32.168 ; 	3.614 ;13 %;12,8 %;14,0 %;1,2 %
29940;Lawrence, KS;Baby Boomer; 	7.021 ; 	7.372 ; 	351 ;5 %;12,7 %;14,0 %;1,3 %
12060;Atlanta-Sandy Springs-Marietta, GA;Baby Boomer; 	323.087 ; 	355.603 ; 	32.516 ;10 %;12,4 %;13,9 %;1,5 %
45500;Texarkana, TX-Texarkana, AR;Baby Boomer; 	8.213 ; 	8.489 ; 	276 ;3 %;13,6 %;13,9 %;0,4 %
26380;Houma-Bayou Cane-Thibodaux, LA;Baby Boomer; 	12.628 ; 	14.565 ; 	1.937 ;15 %;12,1 %;13,9 %;1,8 %
19100;Dallas-Fort Worth-Arlington, TX;Baby Boomer; 	401.603 ; 	472.318 ; 	70.715 ;18 %;12,5 %;13,9 %;1,4 %
41700;San Antonio-New Braunfels, TX;Baby Boomer; 	120.899 ; 	140.047 ; 	19.148 ;16 %;12,7 %;13,9 %;1,2 %
31180;Lubbock, TX;Baby Boomer; 	17.210 ; 	19.861 ; 	2.651 ;15 %;12,4 %;13,8 %;1,4 %
25620;Hattiesburg, MS;Baby Boomer; 	8.413 ; 	8.849 ; 	436 ;5 %;12,8 %;13,8 %;1,0 %
21340;El Paso, TX;Baby Boomer; 	39.857 ; 	46.182 ; 	6.325 ;16 %;12,6 %;13,8 %;1,2 %
47300;Visalia-Porterville, CA;Baby Boomer; 	21.340 ; 	22.129 ; 	789 ;4 %;12,8 %;13,8 %;1,0 %
12540;Bakersfield-Delano, CA;Baby Boomer; 	40.966 ; 	46.089 ; 	5.123 ;13 %;12,8 %;13,8 %;0,9 %
26820;Idaho Falls, ID;Baby Boomer; 	7.174 ; 	7.714 ; 	540 ;8 %;12,3 %;13,7 %;1,5 %
29180;Lafayette, LA;Baby Boomer; 	18.493 ; 	22.933 ; 	4.440 ;24 %;11,6 %;13,6 %;2,0 %
17780;College Station-Bryan, TX;Baby Boomer; 	13.138 ; 	14.673 ; 	1.535 ;12 %;12,8 %;13,5 %;0,7 %
36220;Odessa, TX;Baby Boomer; 	8.070 ; 	10.872 ; 	2.802 ;35 %;12,5 %;13,5 %;1,0 %
46660;Valdosta, GA;Baby Boomer; 	7.915 ; 	8.569 ; 	654 ;8 %;12,2 %;13,5 %;1,3 %
23580;Gainesville, GA;Baby Boomer; 	10.250 ; 	10.813 ; 	563 ;5 %;12,4 %;13,5 %;1,1 %
32580;McAllen-Edinburg-Mission, TX;Baby Boomer; 	30.365 ; 	36.098 ; 	5.733 ;19 %;12,0 %;13,3 %;1,2 %
29700;Laredo, TX;Baby Boomer; 	11.913 ; 	13.897 ; 	1.984 ;17 %;12,0 %;13,2 %;1,2 %
27340;Jacksonville, NC;Baby Boomer; 	11.727 ; 	13.542 ; 	1.815 ;15 %;12,6 %;13,1 %;0,5 %
12220;Auburn-Opelika, AL;Baby Boomer; 	7.273 ; 	7.650 ; 	377 ;5 %;12,7 %;13,1 %;0,4 %
41620;Salt Lake City, UT;Baby Boomer; 	78.131 ; 	92.376 ; 	14.245 ;18 %;11,3 %;12,9 %;1,6 %
12420;Austin-Round Rock-San Marcos, TX;Baby Boomer; 	97.562 ; 	118.674 ; 	21.112 ;22 %;11,6 %;12,8 %;1,2 %
36260;Ogden-Clearfield, UT;Baby Boomer; 	25.591 ; 	29.018 ; 	3.427 ;13 %;11,4 %;12,8 %;1,3 %
41100;St. George, UT;Baby Boomer; 	6.513 ; 	6.850 ; 	337 ;5 %;11,1 %;12,5 %;1,4 %
30860;Logan, UT-ID;Baby Boomer; 	5.772 ; 	6.778 ; 	1.006 ;17 %;10,4 %;12,0 %;1,6 %
39340;Provo-Orem, UT;Baby Boomer; 	21.466 ; 	25.157 ; 	3.691 ;17 %;10,1 %;11,3 %;1,2 %
39340;Provo-Orem, UT;Millennial; 	78.948 ; 	82.092 ; 	3.144 ;4 %;37,1 %;36,8 %;-0,3 %
30860;Logan, UT-ID;Millennial; 	20.240 ; 	20.339 ; 	99 ;0 %;36,3 %;35,9 %;-0,4 %
41620;Salt Lake City, UT;Millennial; 	237.002 ; 	243.777 ; 	6.775 ;3 %;34,3 %;34,1 %;-0,3 %
41100;St. George, UT;Millennial; 	19.427 ; 	18.400 ; 	(1.027);-5 %;33,2 %;33,6 %;0,4 %
22020;Fargo, ND-MN;Millennial; 	41.463 ; 	47.391 ; 	5.928 ;14 %;32,1 %;33,0 %;1,0 %
36260;Ogden-Clearfield, UT;Millennial; 	73.221 ; 	74.360 ; 	1.139 ;2 %;32,7 %;32,7 %;-0,1 %
21820;Fairbanks, AK;Millennial; 	15.636 ; 	15.976 ; 	340 ;2 %;30,8 %;31,8 %;1,0 %
29180;Lafayette, LA;Millennial; 	49.572 ; 	53.566 ; 	3.994 ;8 %;31,1 %;31,7 %;0,6 %
29940;Lawrence, KS;Millennial; 	17.478 ; 	16.708 ; 	(770);-4 %;31,5 %;31,6 %;0,1 %
36220;Odessa, TX;Millennial; 	18.800 ; 	25.331 ; 	6.531 ;35 %;29,1 %;31,5 %;2,4 %
12420;Austin-Round Rock-San Marcos, TX;Millennial; 	263.536 ; 	291.620 ; 	28.084 ;11 %;31,3 %;31,4 %;0,1 %
33260;Midland, TX;Millennial; 	20.932 ; 	29.016 ; 	8.084 ;39 %;28,5 %;31,3 %;2,7 %
26820;Idaho Falls, ID;Millennial; 	18.086 ; 	17.478 ; 	(608);-3 %;30,9 %;31,1 %;0,2 %
31180;Lubbock, TX;Millennial; 	41.835 ; 	44.633 ; 	2.798 ;7 %;30,2 %;31,1 %;0,9 %
33540;Missoula, MT;Millennial; 	19.033 ; 	19.630 ; 	597 ;3 %;30,0 %;31,0 %;1,0 %
27340;Jacksonville, NC;Millennial; 	28.961 ; 	32.091 ; 	3.130 ;11 %;31,0 %;31,0 %;0,0 %
17780;College Station-Bryan, TX;Millennial; 	30.336 ; 	33.489 ; 	3.153 ;10 %;29,7 %;30,9 %;1,2 %
17860;Columbia, MO;Millennial; 	28.290 ; 	30.859 ; 	2.569 ;9 %;29,7 %;30,7 %;1,0 %
31740;Manhattan, KS;Millennial; 	20.693 ; 	22.920 ; 	2.227 ;11 %;29,7 %;30,6 %;1,0 %
12220;Auburn-Opelika, AL;Millennial; 	16.796 ; 	17.847 ; 	1.051 ;6 %;29,2 %;30,5 %;1,2 %
17020;Chico, CA;Millennial; 	24.859 ; 	24.966 ; 	107 ;0 %;28,4 %;30,3 %;2,0 %
31860;Mankato-North Mankato, MN;Millennial; 	17.034 ; 	17.542 ; 	508 ;3 %;29,1 %;30,3 %;1,2 %
11260;Anchorage, AK;Millennial; 	57.341 ; 	62.689 ; 	5.348 ;9 %;28,8 %;30,3 %;1,5 %
41060;St. Cloud, MN;Millennial; 	32.419 ; 	33.468 ; 	1.049 ;3 %;29,3 %;30,2 %;1,0 %
12020;Athens-Clarke County, GA;Millennial; 	27.363 ; 	28.378 ; 	1.015 ;4 %;30,1 %;30,2 %;0,1 %
34060;Morgantown, WV;Millennial; 	18.459 ; 	20.591 ; 	2.132 ;12 %;30,1 %;30,2 %;0,1 %
23420;Fresno, CA;Millennial; 	114.863 ; 	115.785 ; 	922 ;1 %;28,9 %;30,2 %;1,3 %
25620;Hattiesburg, MS;Millennial; 	19.573 ; 	19.301 ; 	(272);-1 %;29,8 %;30,2 %;0,4 %
43620;Sioux Falls, SD;Millennial; 	43.044 ; 	46.219 ; 	3.175 ;7 %;29,7 %;30,1 %;0,4 %
38540;Pocatello, ID;Millennial; 	13.232 ; 	11.766 ; 	(1.466);-11 %;30,3 %;30,1 %;-0,2 %
12940;Baton Rouge, LA;Millennial; 	119.900 ; 	123.407 ; 	3.507 ;3 %;29,5 %;30,1 %;0,6 %
26980;Iowa City, IA;Millennial; 	27.512 ; 	29.260 ; 	1.748 ;6 %;30,0 %;30,0 %;0,0 %
14540;Bowling Green, KY;Millennial; 	20.063 ; 	20.175 ; 	112 ;1 %;30,3 %;30,0 %;-0,3 %
22220;Fayetteville-Springdale-Rogers, AR-MO;Millennial; 	66.686 ; 	69.212 ; 	2.526 ;4 %;29,9 %;30,0 %;0,2 %
30700;Lincoln, NE;Millennial; 	54.397 ; 	55.182 ; 	785 ;1 %;29,9 %;30,0 %;0,1 %
22660;Fort Collins-Loveland, CO;Millennial; 	44.082 ; 	46.743 ; 	2.661 ;6 %;29,3 %;30,0 %;0,7 %
11180;Ames, IA;Millennial; 	14.068 ; 	14.783 ; 	715 ;5 %;28,9 %;29,9 %;1,0 %
12540;Bakersfield-Delano, CA;Millennial; 	90.026 ; 	99.878 ; 	9.852 ;11 %;28,2 %;29,8 %;1,6 %
22380;Flagstaff, AZ;Millennial; 	19.598 ; 	19.518 ; 	(80);-0 %;29,3 %;29,8 %;0,5 %
23540;Gainesville, FL;Millennial; 	40.549 ; 	40.474 ; 	(75);-0 %;28,4 %;29,8 %;1,4 %
21340;El Paso, TX;Millennial; 	90.977 ; 	99.498 ; 	8.521 ;9 %;28,8 %;29,7 %;0,9 %
41740;San Diego-Carlsbad-San Marcos, CA;Millennial; 	465.711 ; 	462.282 ; 	(3.429);-1 %;29,3 %;29,7 %;0,4 %
16220;Casper, WY;Millennial; 	12.477 ; 	13.421 ; 	944 ;8 %;28,8 %;29,7 %;0,9 %
16700;Charleston-North Charleston-Summerville, SC;Millennial; 	93.129 ; 	98.456 ; 	5.327 ;6 %;28,8 %;29,5 %;0,8 %
25260;Hanford-Corcoran, CA;Millennial; 	15.330 ; 	14.845 ; 	(485);-3 %;27,9 %;29,5 %;1,6 %
22180;Fayetteville, NC;Millennial; 	55.306 ; 	56.521 ; 	1.215 ;2 %;29,3 %;29,5 %;0,3 %
41700;San Antonio-New Braunfels, TX;Millennial; 	275.293 ; 	298.367 ; 	23.074 ;8 %;28,9 %;29,5 %;0,6 %
26380;Houma-Bayou Cane-Thibodaux, LA;Millennial; 	30.189 ; 	30.859 ; 	670 ;2 %;29,0 %;29,5 %;0,5 %
42020;San Luis Obispo-Paso Robles, CA;Millennial; 	34.368 ; 	37.437 ; 	3.069 ;9 %;27,6 %;29,5 %;1,9 %
47300;Visalia-Porterville, CA;Millennial; 	47.394 ; 	47.299 ; 	(95);-0 %;28,3 %;29,4 %;1,1 %
11100;Amarillo, TX;Millennial; 	35.314 ; 	36.627 ; 	1.313 ;4 %;28,7 %;29,4 %;0,7 %
41660;San Angelo, TX;Millennial; 	15.130 ; 	16.428 ; 	1.298 ;9 %;28,2 %;29,4 %;1,2 %
45220;Tallahassee, FL;Millennial; 	53.677 ; 	52.223 ; 	(1.454);-3 %;28,4 %;29,4 %;1,0 %
43340;Shreveport-Bossier City, LA;Millennial; 	55.561 ; 	56.777 ; 	1.216 ;2 %;28,0 %;29,3 %;1,3 %
44180;Springfield, MO;Millennial; 	62.026 ; 	62.042 ; 	16 ;0 %;28,7 %;29,3 %;0,6 %
38060;Phoenix-Mesa-Glendale, AZ;Millennial; 	606.873 ; 	579.168 ; 	(27.705);-5 %;29,5 %;29,2 %;-0,2 %
42660;Seattle-Tacoma-Bellevue, WA;Millennial; 	563.122 ; 	573.911 ; 	10.789 ;2 %;29,0 %;29,2 %;0,3 %
14020;Bloomington, IN;Millennial; 	24.811 ; 	24.249 ; 	(562);-2 %;28,4 %;29,2 %;0,9 %
33700;Modesto, CA;Millennial; 	54.413 ; 	54.169 ; 	(244);-0 %;27,6 %;29,2 %;1,6 %
31540;Madison, WI;Millennial; 	104.597 ; 	108.841 ; 	4.244 ;4 %;28,2 %;29,1 %;0,9 %
29340;Lake Charles, LA;Millennial; 	28.331 ; 	29.436 ; 	1.105 ;4 %;28,5 %;29,1 %;0,7 %
24220;Grand Forks, ND-MN;Millennial; 	17.177 ; 	18.248 ; 	1.071 ;6 %;27,8 %;29,1 %;1,3 %
44060;Spokane, WA;Millennial; 	69.098 ; 	67.777 ; 	(1.321);-2 %;28,7 %;29,1 %;0,4 %
10180;Abilene, TX;Millennial; 	21.653 ; 	22.888 ; 	1.235 ;6 %;27,8 %;29,1 %;1,3 %
18580;Corpus Christi, TX;Millennial; 	57.378 ; 	61.065 ; 	3.687 ;6 %;28,5 %;29,1 %;0,5 %
31420;Macon, GA;Millennial; 	29.906 ; 	30.620 ; 	714 ;2 %;27,8 %;29,1 %;1,3 %
28660;Killeen-Temple-Fort Hood, TX;Millennial; 	52.693 ; 	54.144 ; 	1.451 ;3 %;28,5 %;29,1 %;0,5 %
46660;Valdosta, GA;Millennial; 	18.856 ; 	18.443 ; 	(413);-2 %;29,0 %;29,0 %;0,1 %
32580;McAllen-Edinburg-Mission, TX;Millennial; 	75.376 ; 	78.893 ; 	3.517 ;5 %;29,9 %;29,0 %;-0,9 %
22140;Farmington, NM;Millennial; 	15.956 ; 	15.855 ; 	(101);-1 %;28,1 %;29,0 %;0,9 %
14500;Boulder, CO;Millennial; 	51.588 ; 	54.379 ; 	2.791 ;5 %;28,4 %;29,0 %;0,6 %
16580;Champaign-Urbana, IL;Millennial; 	32.239 ; 	31.423 ; 	(816);-3 %;28,8 %;29,0 %;0,2 %
36420;Oklahoma City, OK;Millennial; 	180.548 ; 	191.468 ; 	10.920 ;6 %;28,4 %;29,0 %;0,6 %
14260;Boise City-Nampa, ID;Millennial; 	91.256 ; 	87.693 ; 	(3.563);-4 %;29,2 %;29,0 %;-0,2 %
13900;Bismarck, ND;Millennial; 	18.386 ; 	21.743 ; 	3.357 ;18 %;28,0 %;29,0 %;1,0 %
14740;Bremerton-Silverdale, WA;Millennial; 	30.236 ; 	28.682 ; 	(1.554);-5 %;28,3 %;29,0 %;0,6 %
35380;New Orleans-Metairie-Kenner, LA;Millennial; 	156.452 ; 	170.107 ; 	13.655 ;9 %;27,5 %;28,9 %;1,4 %
46220;Tuscaloosa, AL;Millennial; 	29.778 ; 	29.743 ; 	(35);-0 %;28,7 %;28,9 %;0,2 %
33740;Monroe, LA;Millennial; 	24.710 ; 	23.972 ; 	(738);-3 %;28,8 %;28,8 %;0,1 %
20740;Eau Claire, WI;Millennial; 	23.716 ; 	25.316 ; 	1.600 ;7 %;27,5 %;28,8 %;1,4 %
29700;Laredo, TX;Millennial; 	29.732 ; 	30.405 ; 	673 ;2 %;29,9 %;28,8 %;-1,1 %
30780;Little Rock-North Little Rock-Conway, AR;Millennial; 	106.538 ; 	106.527 ; 	(11);-0 %;28,7 %;28,8 %;0,1 %
33460;Minneapolis-St. Paul-Bloomington, MN-WI;Millennial; 	540.904 ; 	564.222 ; 	23.318 ;4 %;27,9 %;28,8 %;0,9 %
36540;Omaha-Council Bluffs, NE-IA;Millennial; 	142.526 ; 	145.113 ; 	2.587 ;2 %;28,5 %;28,8 %;0,3 %
28420;Kennewick-Pasco-Richland, WA;Millennial; 	31.151 ; 	34.935 ; 	3.784 ;12 %;28,1 %;28,7 %;0,6 %
29740;Las Cruces, NM;Millennial; 	22.554 ; 	23.843 ; 	1.289 ;6 %;27,9 %;28,7 %;0,8 %
42100;Santa Cruz-Watsonville, CA;Millennial; 	32.265 ; 	33.083 ; 	818 ;3 %;27,6 %;28,7 %;1,1 %
48300;Wenatchee-East Wenatchee, WA;Millennial; 	15.701 ; 	16.302 ; 	601 ;4 %;27,8 %;28,7 %;0,9 %
27860;Jonesboro, AR;Millennial; 	15.594 ; 	16.496 ; 	902 ;6 %;28,8 %;28,7 %;-0,2 %
47900;Washington-Arlington-Alexandria, DC-VA-MD-WV;Millennial; 	927.662 ; 	951.403 ; 	23.741 ;3 %;28,6 %;28,6 %;0,0 %
49740;Yuma, AZ;Millennial; 	20.822 ; 	20.862 ; 	40 ;0 %;27,0 %;28,6 %;1,6 %
44700;Stockton, CA;Millennial; 	68.069 ; 	67.174 ; 	(895);-1 %;27,0 %;28,6 %;1,5 %
42060;Santa Barbara-Santa Maria-Goleta, CA;Millennial; 	59.037 ; 	61.548 ; 	2.511 ;4 %;27,4 %;28,6 %;1,2 %
47940;Waterloo-Cedar Falls, IA;Millennial; 	26.187 ; 	28.387 ; 	2.200 ;8 %;27,5 %;28,6 %;1,1 %
41500;Salinas, CA;Millennial; 	53.746 ; 	55.891 ; 	2.145 ;4 %;27,3 %;28,5 %;1,2 %
34900;Napa, CA;Millennial; 	20.365 ; 	22.149 ; 	1.784 ;9 %;26,7 %;28,5 %;1,9 %
38900;Portland-Vancouver-Hillsboro, OR-WA;Millennial; 	331.187 ; 	331.944 ; 	757 ;0 %;28,2 %;28,5 %;0,3 %
24340;Grand Rapids-Wyoming, MI;Millennial; 	113.533 ; 	122.520 ; 	8.987 ;8 %;27,6 %;28,5 %;1,0 %
47380;Waco, TX;Millennial; 	31.546 ; 	33.455 ; 	1.909 ;6 %;27,0 %;28,5 %;1,5 %
13380;Bellingham, WA;Millennial; 	26.691 ; 	26.513 ; 	(178);-1 %;27,9 %;28,5 %;0,5 %
46060;Tucson, AZ;Millennial; 	120.092 ; 	116.266 ; 	(3.826);-3 %;28,0 %;28,5 %;0,5 %
40900;Sacramento--Arden-Arcade--Roseville, CA;Millennial; 	291.231 ; 	276.383 ; 	(14.848);-5 %;27,8 %;28,4 %;0,7 %
19780;Des Moines-West Des Moines, IA;Millennial; 	100.086 ; 	103.828 ; 	3.742 ;4 %;28,3 %;28,4 %;0,1 %
32900;Merced, CA;Millennial; 	22.077 ; 	23.018 ; 	941 ;4 %;27,5 %;28,4 %;0,9 %
19740;Denver-Aurora-Broomfield, CO;Millennial; 	384.795 ; 	403.237 ; 	18.442 ;5 %;28,1 %;28,4 %;0,3 %
49420;Yakima, WA;Millennial; 	30.786 ; 	32.685 ; 	1.899 ;6 %;27,6 %;28,4 %;0,8 %
27140;Jackson, MS;Millennial; 	78.353 ; 	77.156 ; 	(1.197);-2 %;28,4 %;28,3 %;-0,1 %
14060;Bloomington-Normal, IL;Millennial; 	27.094 ; 	26.630 ; 	(464);-2 %;28,7 %;28,3 %;-0,3 %
19100;Dallas-Fort Worth-Arlington, TX;Millennial; 	902.095 ; 	963.530 ; 	61.435 ;7 %;28,1 %;28,3 %;0,2 %
34980;Nashville-Davidson--Murfreesboro--Franklin, TN;Millennial; 	243.954 ; 	253.177 ; 	9.223 ;4 %;28,2 %;28,3 %;0,1 %
24540;Greeley, CO;Millennial; 	27.072 ; 	29.118 ; 	2.046 ;8 %;27,5 %;28,3 %;0,8 %
18140;Columbus, OH;Millennial; 	284.508 ; 	286.735 ; 	2.227 ;1 %;28,3 %;28,3 %;-0,0 %
23580;Gainesville, GA;Millennial; 	23.563 ; 	22.626 ; 	(937);-4 %;28,6 %;28,3 %;-0,3 %
23460;Gadsden, AL;Millennial; 	11.190 ; 	11.238 ; 	48 ;0 %;27,3 %;28,2 %;1,0 %
24780;Greenville, NC;Millennial; 	25.450 ; 	24.597 ; 	(853);-3 %;29,5 %;28,2 %;-1,3 %
46700;Vallejo-Fairfield, CA;Millennial; 	40.468 ; 	40.863 ; 	395 ;1 %;26,8 %;28,2 %;1,4 %
24300;Grand Junction, CO;Millennial; 	18.724 ; 	18.576 ; 	(148);-1 %;26,8 %;28,2 %;1,4 %
37100;Oxnard-Thousand Oaks-Ventura, CA;Millennial; 	100.010 ; 	100.724 ; 	714 ;1 %;27,1 %;28,2 %;1,1 %
46340;Tyler, TX;Millennial; 	28.455 ; 	29.522 ; 	1.067 ;4 %;27,1 %;28,2 %;1,1 %
30460;Lexington-Fayette, KY;Millennial; 	80.674 ; 	80.878 ; 	204 ;0 %;28,7 %;28,2 %;-0,5 %
29820;Las Vegas-Paradise, NV;Millennial; 	281.022 ; 	255.873 ; 	(25.149);-9 %;28,2 %;28,2 %;-0,1 %
10780;Alexandria, LA;Millennial; 	19.831 ; 	19.262 ; 	(569);-3 %;27,6 %;28,1 %;0,5 %
31100;Los Angeles-Long Beach-Santa Ana, CA;Millennial; 	1.795.640 ; 	1.754.763 ; 	(40.877);-2 %;27,5 %;28,1 %;0,6 %
28020;Kalamazoo-Portage, MI;Millennial; 	41.745 ; 	41.134 ; 	(611);-1 %;27,0 %;28,1 %;1,1 %
29140;Lafayette, IN;Millennial; 	27.432 ; 	28.691 ; 	1.259 ;5 %;28,3 %;28,1 %;-0,2 %
17300;Clarksville, TN-KY;Millennial; 	34.052 ; 	36.035 ; 	1.983 ;6 %;27,6 %;28,1 %;0,5 %
36980;Owensboro, KY;Millennial; 	14.902 ; 	16.326 ; 	1.424 ;10 %;26,6 %;28,1 %;1,5 %
40140;Riverside-San Bernardino-Ontario, CA;Millennial; 	415.609 ; 	394.566 ; 	(21.043);-5 %;27,4 %;28,0 %;0,7 %
28140;Kansas City, MO-KS;Millennial; 	302.799 ; 	302.365 ; 	(434);-0 %;27,6 %;28,0 %;0,5 %
42340;Savannah, GA;Millennial; 	50.196 ; 	47.346 ; 	(2.850);-6 %;28,9 %;28,0 %;-0,9 %
36740;Orlando-Kissimmee-Sanford, FL;Millennial; 	314.993 ; 	312.713 ; 	(2.280);-1 %;27,8 %;28,0 %;0,2 %
39580;Raleigh-Cary, NC;Millennial; 	159.113 ; 	160.719 ; 	1.606 ;1 %;28,4 %;28,0 %;-0,4 %
49700;Yuba City, CA;Millennial; 	15.224 ; 	15.135 ; 	(89);-1 %;26,6 %;28,0 %;1,3 %
41860;San Francisco-Oakland-Fremont, CA;Millennial; 	639.228 ; 	644.171 ; 	4.943 ;1 %;27,8 %;28,0 %;0,2 %
30980;Longview, TX;Millennial; 	27.835 ; 	31.420 ; 	3.585 ;13 %;26,5 %;28,0 %;1,4 %
15180;Brownsville-Harlingen, TX;Millennial; 	41.142 ; 	41.740 ; 	598 ;1 %;29,1 %;27,9 %;-1,2 %
26180;Honolulu, HI;Millennial; 	153.454 ; 	152.405 ; 	(1.049);-1 %;27,9 %;27,9 %;-0,0 %
48900;Wilmington, NC;Millennial; 	46.556 ; 	43.150 ; 	(3.406);-7 %;28,4 %;27,9 %;-0,5 %
41140;St. Joseph, MO-KS;Millennial; 	16.917 ; 	16.898 ; 	(19);-0 %;27,1 %;27,9 %;0,8 %
26420;Houston-Sugar Land-Baytown, TX;Millennial; 	781.706 ; 	851.406 ; 	69.700 ;9 %;28,0 %;27,9 %;-0,2 %
34580;Mount Vernon-Anacortes, WA;Millennial; 	15.369 ; 	14.486 ; 	(883);-6 %;27,6 %;27,9 %;0,3 %
34620;Muncie, IN;Millennial; 	14.554 ; 	13.988 ; 	(566);-4 %;26,8 %;27,8 %;1,0 %
21660;Eugene-Springfield, OR;Millennial; 	47.259 ; 	44.222 ; 	(3.037);-6 %;27,2 %;27,8 %;0,6 %
48660;Wichita Falls, TX;Millennial; 	19.602 ; 	19.248 ; 	(354);-2 %;26,5 %;27,8 %;1,3 %
27260;Jacksonville, FL;Millennial; 	181.158 ; 	181.238 ; 	80 ;0 %;26,9 %;27,8 %;0,9 %
17980;Columbus, GA-AL;Millennial; 	41.036 ; 	41.120 ; 	84 ;0 %;27,6 %;27,8 %;0,2 %
12060;Atlanta-Sandy Springs-Marietta, GA;Millennial; 	735.160 ; 	708.559 ; 	(26.601);-4 %;28,2 %;27,8 %;-0,5 %
25980;Hinesville-Fort Stewart, GA;Millennial; 	9.754 ; 	10.208 ; 	454 ;5 %;27,5 %;27,8 %;0,3 %
26900;Indianapolis-Carmel, IN;Millennial; 	262.242 ; 	270.194 ; 	7.952 ;3 %;27,6 %;27,8 %;0,2 %
40340;Rochester, MN;Millennial; 	31.172 ; 	31.340 ; 	168 ;1 %;27,6 %;27,8 %;0,2 %
25060;Gulfport-Biloxi, MS;Millennial; 	33.813 ; 	32.832 ; 	(981);-3 %;27,2 %;27,7 %;0,6 %
10740;Albuquerque, NM;Millennial; 	117.694 ; 	113.445 ; 	(4.249);-4 %;27,3 %;27,7 %;0,4 %
37860;Pensacola-Ferry Pass-Brent, FL;Millennial; 	49.641 ; 	50.695 ; 	1.054 ;2 %;25,7 %;27,7 %;2,0 %
16980;Chicago-Joliet-Naperville, IL-IN-WI;Millennial; 	1.315.927 ; 	1.283.850 ; 	(32.077);-2 %;27,4 %;27,7 %;0,3 %
13820;Birmingham-Hoover, AL;Millennial; 	156.306 ; 	146.311 ; 	(9.995);-6 %;27,7 %;27,7 %;-0,0 %
31460;Madera-Chowchilla, CA;Millennial; 	13.729 ; 	14.461 ; 	732 ;5 %;26,2 %;27,6 %;1,5 %
21060;Elizabethtown, KY;Millennial; 	16.325 ; 	17.565 ; 	1.240 ;8 %;27,5 %;27,6 %;0,1 %
40660;Rome, GA;Millennial; 	12.478 ; 	11.623 ; 	(855);-7 %;27,6 %;27,6 %;0,1 %
41180;St. Louis, MO-IL;Millennial; 	392.456 ; 	389.672 ; 	(2.784);-1 %;26,9 %;27,6 %;0,7 %
47020;Victoria, TX;Millennial; 	15.026 ; 	15.858 ; 	832 ;6 %;26,7 %;27,6 %;0,9 %
31140;Louisville/Jefferson County, KY-IN;Millennial; 	180.653 ; 	181.927 ; 	1.274 ;1 %;27,4 %;27,6 %;0,2 %
33660;Mobile, AL;Millennial; 	55.592 ; 	53.175 ; 	(2.417);-4 %;27,5 %;27,6 %;0,0 %
16740;Charlotte-Gastonia-Rock Hill, NC-SC;Millennial; 	259.410 ; 	261.438 ; 	2.028 ;1 %;27,9 %;27,6 %;-0,3 %
39900;Reno-Sparks, NV;Millennial; 	62.696 ; 	55.884 ; 	(6.812);-11 %;26,3 %;27,6 %;1,3 %
17660;Coeur d'Alene, ID;Millennial; 	17.432 ; 	16.362 ; 	(1.070);-6 %;27,1 %;27,6 %;0,5 %
17900;Columbia, SC;Millennial; 	106.526 ; 	107.112 ; 	586 ;1 %;27,2 %;27,6 %;0,3 %
16020;Cape Girardeau-Jackson, MO-IL;Millennial; 	14.068 ; 	13.418 ; 	(650);-5 %;27,5 %;27,5 %;0,0 %
29620;Lansing-East Lansing, MI;Millennial; 	62.018 ; 	60.959 ; 	(1.059);-2 %;26,7 %;27,5 %;0,8 %
12260;Augusta-Richmond County, GA-SC;Millennial; 	64.855 ; 	66.910 ; 	2.055 ;3 %;26,7 %;27,5 %;0,8 %
18700;Corvallis, OR;Millennial; 	11.422 ; 	11.866 ; 	444 ;4 %;26,2 %;27,5 %;1,3 %
26580;Huntington-Ashland, WV-KY-OH;Millennial; 	34.619 ; 	32.538 ; 	(2.081);-6 %;27,9 %;27,5 %;-0,4 %
30300;Lewiston, ID-WA;Millennial; 	7.933 ; 	7.832 ; 	(101);-1 %;26,7 %;27,5 %;0,8 %
10500;Albany, GA;Millennial; 	18.836 ; 	18.148 ; 	(688);-4 %;27,1 %;27,5 %;0,4 %
16300;Cedar Rapids, IA;Millennial; 	40.349 ; 	41.865 ; 	1.516 ;4 %;27,2 %;27,5 %;0,3 %
39820;Redding, CA;Millennial; 	20.652 ; 	18.820 ; 	(1.832);-9 %;26,3 %;27,4 %;1,1 %
18020;Columbus, IN;Millennial; 	12.444 ; 	14.264 ; 	1.820 ;15 %;26,6 %;27,4 %;0,9 %
30020;Lawton, OK;Millennial; 	15.596 ; 	16.100 ; 	504 ;3 %;26,9 %;27,4 %;0,5 %
39380;Pueblo, CO;Millennial; 	16.828 ; 	17.471 ; 	643 ;4 %;26,5 %;27,4 %;0,9 %
14460;Boston-Cambridge-Quincy, MA-NH;Millennial; 	715.670 ; 	746.261 ; 	30.591 ;4 %;26,9 %;27,4 %;0,5 %
37460;Panama City-Lynn Haven-Panama City Beach, FL;Millennial; 	22.003 ; 	21.389 ; 	(614);-3 %;26,2 %;27,4 %;1,1 %
33860;Montgomery, AL;Millennial; 	54.118 ; 	49.263 ; 	(4.855);-9 %;27,8 %;27,4 %;-0,4 %
48620;Wichita, KS;Millennial; 	87.689 ; 	85.429 ; 	(2.260);-3 %;26,8 %;27,4 %;0,6 %
41940;San Jose-Sunnyvale-Santa Clara, CA;Millennial; 	280.400 ; 	284.005 ; 	3.605 ;1 %;27,8 %;27,4 %;-0,4 %
16940;Cheyenne, WY;Millennial; 	13.459 ; 	14.725 ; 	1.266 ;9 %;26,1 %;27,3 %;1,2 %
29100;La Crosse, WI-MN;Millennial; 	20.748 ; 	22.003 ; 	1.255 ;6 %;26,4 %;27,3 %;0,9 %
13740;Billings, MT;Millennial; 	23.623 ; 	24.938 ; 	1.315 ;6 %;26,4 %;27,3 %;0,9 %
39660;Rapid City, SD;Millennial; 	18.472 ; 	19.367 ; 	895 ;5 %;26,4 %;27,3 %;0,9 %
32820;Memphis, TN-MS-AR;Millennial; 	189.689 ; 	179.550 ; 	(10.139);-5 %;27,4 %;27,3 %;-0,1 %
37900;Peoria, IL;Millennial; 	52.472 ; 	51.783 ; 	(689);-1 %;26,5 %;27,3 %;0,8 %
45460;Terre Haute, IN;Millennial; 	20.368 ; 	20.432 ; 	64 ;0 %;26,5 %;27,3 %;0,7 %
11460;Ann Arbor, MI;Millennial; 	58.163 ; 	61.573 ; 	3.410 ;6 %;26,8 %;27,2 %;0,5 %
42220;Santa Rosa-Petaluma, CA;Millennial; 	58.548 ; 	56.913 ; 	(1.635);-3 %;26,1 %;27,2 %;1,2 %
22900;Fort Smith, AR-OK;Millennial; 	37.316 ; 	34.332 ; 	(2.984);-8 %;27,3 %;27,2 %;-0,1 %
41420;Salem, OR;Millennial; 	47.260 ; 	46.565 ; 	(695);-1 %;26,2 %;27,2 %;1,0 %
17140;Cincinnati-Middletown, OH-KY-IN;Millennial; 	296.245 ; 	289.000 ; 	(7.245);-2 %;26,7 %;27,2 %;0,5 %
27900;Joplin, MO;Millennial; 	23.476 ; 	23.133 ; 	(343);-1 %;26,7 %;27,2 %;0,4 %
45500;Texarkana, TX-Texarkana, AR;Millennial; 	16.665 ; 	16.548 ; 	(117);-1 %;27,5 %;27,2 %;-0,4 %
34820;Myrtle Beach-North Myrtle Beach-Conway, SC;Millennial; 	35.576 ; 	33.361 ; 	(2.215);-6 %;27,5 %;27,1 %;-0,4 %
36500;Olympia, WA;Millennial; 	29.778 ; 	29.492 ; 	(286);-1 %;26,5 %;27,1 %;0,7 %
21780;Evansville, IN-KY;Millennial; 	47.899 ; 	49.975 ; 	2.076 ;4 %;25,8 %;27,1 %;1,3 %
24140;Goldsboro, NC;Millennial; 	15.009 ; 	14.434 ; 	(575);-4 %;27,3 %;27,1 %;-0,2 %
44100;Springfield, IL;Millennial; 	36.744 ; 	37.718 ; 	974 ;3 %;26,0 %;27,1 %;1,1 %
46140;Tulsa, OK;Millennial; 	125.472 ; 	125.128 ; 	(344);-0 %;26,8 %;27,1 %;0,3 %
11500;Anniston-Oxford, AL;Millennial; 	15.357 ; 	13.733 ; 	(1.624);-11 %;27,2 %;27,1 %;-0,1 %
11700;Asheville, NC;Millennial; 	52.446 ; 	53.117 ; 	671 ;1 %;26,1 %;27,1 %;1,0 %
15380;Buffalo-Niagara Falls, NY;Millennial; 	140.575 ; 	152.668 ; 	12.093 ;9 %;24,9 %;27,1 %;2,2 %
24860;Greenville-Mauldin-Easley, SC;Millennial; 	86.670 ; 	87.589 ; 	919 ;1 %;26,2 %;27,1 %;0,9 %
26620;Huntsville, AL;Millennial; 	58.758 ; 	59.575 ; 	817 ;1 %;26,5 %;27,0 %;0,6 %
22520;Florence-Muscle Shoals, AL;Millennial; 	16.077 ; 	15.899 ; 	(178);-1 %;26,4 %;27,0 %;0,6 %
20260;Duluth, MN-WI;Millennial; 	36.409 ; 	37.136 ; 	727 ;2 %;25,7 %;27,0 %;1,4 %
33340;Milwaukee-Waukesha-West Allis, WI;Millennial; 	238.662 ; 	235.427 ; 	(3.235);-1 %;26,5 %;27,0 %;0,5 %
21140;Elkhart-Goshen, IN;Millennial; 	37.063 ; 	32.167 ; 	(4.896);-13 %;27,8 %;27,0 %;-0,8 %
31020;Longview, WA;Millennial; 	11.146 ; 	10.449 ; 	(697);-6 %;26,5 %;27,0 %;0,5 %
16820;Charlottesville, VA;Millennial; 	28.236 ; 	28.956 ; 	720 ;3 %;25,9 %;27,0 %;1,1 %
18880;Crestview-Fort Walton Beach-Destin, FL;Millennial; 	26.746 ; 	26.657 ; 	(89);-0 %;25,5 %;26,9 %;1,5 %
45820;Topeka, KS;Millennial; 	31.246 ; 	32.387 ; 	1.141 ;4 %;25,8 %;26,9 %;1,1 %
34740;Muskegon-Norton Shores, MI;Millennial; 	17.633 ; 	17.919 ; 	286 ;2 %;25,5 %;26,9 %;1,4 %
16860;Chattanooga, TN-GA;Millennial; 	71.202 ; 	68.272 ; 	(2.930);-4 %;26,6 %;26,9 %;0,3 %
45780;Toledo, OH;Millennial; 	89.576 ; 	86.652 ; 	(2.924);-3 %;25,9 %;26,8 %;1,0 %
44300;State College, PA;Millennial; 	20.973 ; 	21.760 ; 	787 ;4 %;26,4 %;26,8 %;0,4 %
43580;Sioux City, IA-NE-SD;Millennial; 	21.647 ; 	22.115 ; 	468 ;2 %;26,4 %;26,8 %;0,4 %
47580;Warner Robins, GA;Millennial; 	17.726 ; 	17.661 ; 	(65);-0 %;26,9 %;26,8 %;-0,1 %
19500;Decatur, IL;Millennial; 	14.963 ; 	14.315 ; 	(648);-4 %;25,9 %;26,8 %;0,9 %
20500;Durham-Chapel Hill, NC;Millennial; 	84.164 ; 	83.159 ; 	(1.005);-1 %;27,4 %;26,8 %;-0,6 %
13980;Blacksburg-Christiansburg-Radford, VA;Millennial; 	18.763 ; 	19.193 ; 	430 ;2 %;26,0 %;26,8 %;0,8 %
38340;Pittsfield, MA;Millennial; 	18.460 ; 	18.321 ; 	(139);-1 %;25,8 %;26,8 %;1,0 %
17820;Colorado Springs, CO;Millennial; 	83.428 ; 	86.180 ; 	2.752 ;3 %;26,1 %;26,8 %;0,7 %
13140;Beaumont-Port Arthur, TX;Millennial; 	47.590 ; 	46.684 ; 	(906);-2 %;26,9 %;26,8 %;-0,2 %
27620;Jefferson City, MO;Millennial; 	22.332 ; 	21.556 ; 	(776);-3 %;26,7 %;26,8 %;0,1 %
27060;Ithaca, NY;Millennial; 	15.197 ; 	15.044 ; 	(153);-1 %;27,1 %;26,8 %;-0,3 %
47260;Virginia Beach-Norfolk-Newport News, VA-NC;Millennial; 	241.856 ; 	236.101 ; 	(5.755);-2 %;26,5 %;26,7 %;0,2 %
13460;Bend, OR;Millennial; 	22.100 ; 	19.167 ; 	(2.933);-13 %;27,1 %;26,7 %;-0,4 %
25500;Harrisonburg, VA;Millennial; 	17.816 ; 	17.966 ; 	150 ;1 %;26,6 %;26,7 %;0,0 %
12580;Baltimore-Towson, MD;Millennial; 	367.256 ; 	383.251 ; 	15.995 ;4 %;25,7 %;26,6 %;0,9 %
27180;Jackson, TN;Millennial; 	17.427 ; 	17.166 ; 	(261);-1 %;26,4 %;26,6 %;0,2 %
21300;Elmira, NY;Millennial; 	10.351 ; 	10.641 ; 	290 ;3 %;24,5 %;26,5 %;2,0 %
40380;Rochester, NY;Millennial; 	131.325 ; 	139.302 ; 	7.977 ;6 %;24,7 %;26,5 %;1,8 %
35620;New York-Northern New Jersey-Long Island, NY-NJ-PA;Millennial; 	2.413.660 ; 	2.458.889 ; 	45.229 ;2 %;26,2 %;26,5 %;0,3 %
20020;Dothan, AL;Millennial; 	18.323 ; 	16.303 ; 	(2.020);-11 %;27,0 %;26,5 %;-0,4 %
40980;Saginaw-Saginaw Township North, MI;Millennial; 	23.572 ; 	23.611 ; 	39 ;0 %;25,2 %;26,5 %;1,3 %
23060;Fort Wayne, IN;Millennial; 	59.759 ; 	58.800 ; 	(959);-2 %;26,3 %;26,5 %;0,2 %
44940;Sumter, SC;Millennial; 	12.299 ; 	11.865 ; 	(434);-4 %;25,9 %;26,4 %;0,5 %
19340;Davenport-Moline-Rock Island, IA-IL;Millennial; 	52.830 ; 	52.206 ; 	(624);-1 %;26,0 %;26,4 %;0,5 %
11340;Anderson, SC;Millennial; 	17.862 ; 	17.568 ; 	(294);-2 %;25,8 %;26,4 %;0,6 %
26100;Holland-Grand Haven, MI;Millennial; 	32.805 ; 	32.996 ; 	191 ;1 %;26,5 %;26,4 %;-0,1 %
43300;Sherman-Denison, TX;Millennial; 	12.220 ; 	12.810 ; 	590 ;5 %;25,0 %;26,4 %;1,3 %
11540;Appleton, WI;Millennial; 	33.127 ; 	33.860 ; 	733 ;2 %;25,7 %;26,4 %;0,7 %
22420;Flint, MI;Millennial; 	40.063 ; 	38.724 ; 	(1.339);-3 %;25,2 %;26,3 %;1,1 %
28940;Knoxville, TN;Millennial; 	97.852 ; 	95.195 ; 	(2.657);-3 %;26,6 %;26,3 %;-0,3 %
12700;Barnstable Town, MA;Millennial; 	27.655 ; 	28.280 ; 	625 ;2 %;25,4 %;26,3 %;0,9 %
40060;Richmond, VA;Millennial; 	174.961 ; 	175.108 ; 	147 ;0 %;26,0 %;26,3 %;0,3 %
24500;Great Falls, MT;Millennial; 	10.536 ; 	11.184 ; 	648 ;6 %;24,7 %;26,3 %;1,6 %
32780;Medford, OR;Millennial; 	25.045 ; 	23.423 ; 	(1.622);-6 %;25,5 %;26,2 %;0,7 %
20100;Dover, DE;Millennial; 	18.527 ; 	18.670 ; 	143 ;1 %;25,3 %;26,2 %;0,9 %
26300;Hot Springs, AR;Millennial; 	10.965 ; 	10.574 ; 	(391);-4 %;25,4 %;26,2 %;0,8 %
24580;Green Bay, WI;Millennial; 	47.818 ; 	47.609 ; 	(209);-0 %;26,2 %;26,2 %;-0,1 %
36780;Oshkosh-Neenah, WI;Millennial; 	24.959 ; 	25.619 ; 	660 ;3 %;25,7 %;26,1 %;0,4 %
30620;Lima, OH;Millennial; 	14.847 ; 	14.067 ; 	(780);-5 %;25,2 %;26,1 %;1,0 %
37980;Philadelphia-Camden-Wilmington, PA-NJ-DE-MD;Millennial; 	755.148 ; 	756.739 ; 	1.591 ;0 %;25,4 %;26,1 %;0,7 %
20220;Dubuque, IA;Millennial; 	14.937 ; 	16.425 ; 	1.488 ;10 %;25,0 %;26,1 %;1,1 %
45300;Tampa-St. Petersburg-Clearwater, FL;Millennial; 	346.478 ; 	326.438 ; 	(20.040);-6 %;25,8 %;26,0 %;0,2 %
27740;Johnson City, TN;Millennial; 	23.356 ; 	21.716 ; 	(1.640);-7 %;26,8 %;26,0 %;-0,8 %
29420;Lake Havasu City-Kingman, AZ;Millennial; 	15.037 ; 	13.092 ; 	(1.945);-13 %;24,6 %;25,9 %;1,4 %
28100;Kankakee-Bradley, IL;Millennial; 	11.922 ; 	11.833 ; 	(89);-1 %;25,0 %;25,9 %;1,0 %
44140;Springfield, MA;Millennial; 	81.541 ; 	84.351 ; 	2.810 ;3 %;25,0 %;25,9 %;0,9 %
49340;Worcester, MA;Millennial; 	91.192 ; 	92.676 ; 	1.484 ;2 %;25,4 %;25,9 %;0,5 %
10580;Albany-Schenectady-Troy, NY;Millennial; 	116.710 ; 	118.582 ; 	1.872 ;2 %;25,1 %;25,9 %;0,8 %
20940;El Centro, CA;Millennial; 	16.998 ; 	17.573 ; 	575 ;3 %;26,4 %;25,9 %;-0,5 %
15260;Brunswick, GA;Millennial; 	12.838 ; 	11.249 ; 	(1.589);-12 %;26,4 %;25,9 %;-0,5 %
19140;Dalton, GA;Millennial; 	22.106 ; 	16.929 ; 	(5.177);-23 %;27,6 %;25,8 %;-1,8 %
22500;Florence, SC;Millennial; 	23.862 ; 	22.807 ; 	(1.055);-4 %;25,7 %;25,8 %;0,1 %
19380;Dayton, OH;Millennial; 	108.094 ; 	103.450 ; 	(4.644);-4 %;25,0 %;25,8 %;0,8 %
15540;Burlington-South Burlington, VT;Millennial; 	32.284 ; 	34.228 ; 	1.944 ;6 %;25,1 %;25,8 %;0,7 %
15500;Burlington, NC;Millennial; 	16.844 ; 	16.990 ; 	146 ;1 %;25,0 %;25,8 %;0,7 %
16620;Charleston, WV;Millennial; 	40.630 ; 	38.709 ; 	(1.921);-5 %;26,2 %;25,7 %;-0,4 %
45060;Syracuse, NY;Millennial; 	81.639 ; 	83.194 ; 	1.555 ;2 %;24,5 %;25,7 %;1,2 %
43780;South Bend-Mishawaka, IN-MI;Millennial; 	37.732 ; 	36.310 ; 	(1.422);-4 %;25,0 %;25,7 %;0,6 %
21500;Erie, PA;Millennial; 	34.993 ; 	35.365 ; 	372 ;1 %;24,7 %;25,7 %;0,9 %
38300;Pittsburgh, PA;Millennial; 	294.077 ; 	312.573 ; 	18.496 ;6 %;24,1 %;25,6 %;1,5 %
24660;Greensboro-High Point, NC;Millennial; 	101.608 ; 	95.543 ; 	(6.065);-6 %;25,7 %;25,6 %;-0,1 %
19460;Decatur, AL;Millennial; 	15.917 ; 	14.913 ; 	(1.004);-6 %;25,3 %;25,6 %;0,3 %
13020;Bay City, MI;Millennial; 	9.900 ; 	9.993 ; 	93 ;1 %;24,3 %;25,6 %;1,2 %
49020;Winchester, VA-WV;Millennial; 	15.502 ; 	16.224 ; 	722 ;5 %;24,9 %;25,5 %;0,6 %
27100;Jackson, MI;Millennial; 	14.821 ; 	15.169 ; 	348 ;2 %;24,1 %;25,5 %;1,4 %
44220;Springfield, OH;Millennial; 	14.027 ; 	13.798 ; 	(229);-2 %;24,3 %;25,5 %;1,1 %
37700;Pascagoula, MS;Millennial; 	15.488 ; 	15.337 ; 	(151);-1 %;25,2 %;25,5 %;0,2 %
39300;Providence-New Bedford-Fall River, RI-MA;Millennial; 	190.853 ; 	185.489 ; 	(5.364);-3 %;24,7 %;25,4 %;0,7 %
10420;Akron, OH;Millennial; 	89.848 ; 	87.575 ; 	(2.273);-3 %;24,9 %;25,4 %;0,4 %
40420;Rockford, IL;Millennial; 	42.790 ; 	39.301 ; 	(3.489);-8 %;25,3 %;25,3 %;0,1 %
46540;Utica-Rome, NY;Millennial; 	33.033 ; 	33.106 ; 	73 ;0 %;24,0 %;25,3 %;1,3 %
38220;Pine Bluff, AR;Millennial; 	10.709 ; 	9.830 ; 	(879);-8 %;25,1 %;25,3 %;0,2 %
29460;Lakeland-Winter Haven, FL;Millennial; 	56.477 ; 	53.375 ; 	(3.102);-5 %;24,8 %;25,3 %;0,5 %
49180;Winston-Salem, NC;Millennial; 	58.390 ; 	56.911 ; 	(1.479);-3 %;24,7 %;25,3 %;0,6 %
12980;Battle Creek, MI;Millennial; 	15.899 ; 	15.023 ; 	(876);-6 %;25,6 %;25,3 %;-0,3 %
41780;Sandusky, OH;Millennial; 	9.874 ; 	10.229 ; 	355 ;4 %;23,9 %;25,3 %;1,3 %
31340;Lynchburg, VA;Millennial; 	28.751 ; 	29.168 ; 	417 ;1 %;24,3 %;25,3 %;1,0 %
17420;Cleveland, TN;Millennial; 	11.516 ; 	11.877 ; 	361 ;3 %;25,1 %;25,3 %;0,2 %
13780;Binghamton, NY;Millennial; 	28.529 ; 	27.826 ; 	(703);-2 %;24,0 %;25,2 %;1,3 %
42140;Santa Fe, NM;Millennial; 	19.061 ; 	18.036 ; 	(1.025);-5 %;24,6 %;25,2 %;0,6 %
15980;Cape Coral-Fort Myers, FL;Millennial; 	61.112 ; 	57.784 ; 	(3.328);-5 %;24,7 %;25,2 %;0,5 %
27500;Janesville, WI;Millennial; 	18.026 ; 	17.116 ; 	(910);-5 %;24,0 %;25,2 %;1,2 %
30340;Lewiston-Auburn, ME;Millennial; 	13.427 ; 	13.372 ; 	(55);-0 %;24,1 %;25,2 %;1,1 %
33780;Monroe, MI;Millennial; 	11.412 ; 	10.709 ; 	(703);-6 %;24,3 %;25,2 %;0,8 %
19820;Detroit-Warren-Livonia, MI;Millennial; 	515.745 ; 	486.386 ; 	(29.359);-6 %;25,3 %;25,2 %;-0,1 %
33140;Michigan City-La Porte, IN;Millennial; 	12.229 ; 	11.398 ; 	(831);-7 %;24,8 %;25,1 %;0,3 %
37620;Parkersburg-Marietta-Vienna, WV-OH;Millennial; 	19.096 ; 	18.313 ; 	(783);-4 %;25,0 %;25,1 %;0,1 %
48700;Williamsport, PA;Millennial; 	13.525 ; 	14.978 ; 	1.453 ;11 %;23,4 %;25,0 %;1,6 %
48140;Wausau, WI;Millennial; 	19.564 ; 	17.912 ; 	(1.652);-8 %;24,9 %;25,0 %;0,1 %
33100;Miami-Fort Lauderdale-Pompano Beach, FL;Millennial; 	663.363 ; 	631.810 ; 	(31.553);-5 %;25,2 %;25,0 %;-0,3 %
11300;Anderson, IN;Millennial; 	11.142 ; 	11.173 ; 	31 ;0 %;24,6 %;24,9 %;0,4 %
19180;Danville, IL;Millennial; 	8.388 ; 	7.608 ; 	(780);-9 %;25,2 %;24,9 %;-0,3 %
17460;Cleveland-Elyria-Mentor, OH;Millennial; 	279.180 ; 	266.506 ; 	(12.674);-5 %;24,4 %;24,9 %;0,5 %
40220;Roanoke, VA;Millennial; 	41.582 ; 	40.354 ; 	(1.228);-3 %;24,3 %;24,8 %;0,5 %
19660;Deltona-Daytona Beach-Ormond Beach, FL;Millennial; 	45.023 ; 	42.479 ; 	(2.544);-6 %;24,1 %;24,8 %;0,7 %
25180;Hagerstown-Martinsburg, MD-WV;Millennial; 	26.820 ; 	27.390 ; 	570 ;2 %;24,3 %;24,8 %;0,4 %
35660;Niles-Benton Harbor, MI;Millennial; 	16.618 ; 	16.446 ; 	(172);-1 %;23,6 %;24,8 %;1,2 %
41540;Salisbury, MD;Millennial; 	15.035 ; 	13.673 ; 	(1.362);-9 %;25,1 %;24,7 %;-0,4 %
43900;Spartanburg, SC;Millennial; 	32.430 ; 	31.887 ; 	(543);-2 %;24,4 %;24,7 %;0,2 %
19060;Cumberland, MD-WV;Millennial; 	9.659 ; 	10.147 ; 	488 ;5 %;23,6 %;24,6 %;1,0 %
39140;Prescott, AZ;Millennial; 	18.474 ; 	15.708 ; 	(2.766);-15 %;24,3 %;24,6 %;0,3 %
39540;Racine, WI;Millennial; 	19.829 ; 	19.811 ; 	(18);-0 %;23,7 %;24,6 %;0,9 %
25420;Harrisburg-Carlisle, PA;Millennial; 	83.464 ; 	82.168 ; 	(1.296);-2 %;24,1 %;24,5 %;0,4 %
39100;Poughkeepsie-Newburgh-Middletown, NY;Millennial; 	65.762 ; 	66.331 ; 	569 ;1 %;23,4 %;24,5 %;1,1 %
11020;Altoona, PA;Millennial; 	15.671 ; 	15.546 ; 	(125);-1 %;23,6 %;24,5 %;0,9 %
29540;Lancaster, PA;Millennial; 	60.927 ; 	62.052 ; 	1.125 ;2 %;23,5 %;24,5 %;1,0 %
40580;Rocky Mount, NC;Millennial; 	17.976 ; 	15.685 ; 	(2.291);-13 %;25,1 %;24,5 %;-0,6 %
14860;Bridgeport-Stamford-Norwalk, CT;Millennial; 	116.102 ; 	114.468 ; 	(1.634);-1 %;24,3 %;24,5 %;0,2 %
15940;Canton-Massillon, OH;Millennial; 	44.402 ; 	44.026 ; 	(376);-1 %;23,7 %;24,4 %;0,7 %
36100;Ocala, FL;Millennial; 	27.872 ; 	25.483 ; 	(2.389);-9 %;24,1 %;24,4 %;0,3 %
31900;Mansfield, OH;Millennial; 	14.204 ; 	13.227 ; 	(977);-7 %;23,1 %;24,4 %;1,3 %
42540;Scranton--Wilkes-Barre, PA;Millennial; 	64.444 ; 	65.136 ; 	692 ;1 %;23,3 %;24,3 %;1,0 %
12620;Bangor, ME;Millennial; 	19.156 ; 	18.907 ; 	(249);-1 %;23,8 %;24,3 %;0,5 %
38860;Portland-South Portland-Biddeford, ME;Millennial; 	70.084 ; 	70.869 ; 	785 ;1 %;23,6 %;24,3 %;0,7 %
35300;New Haven-Milford, CT;Millennial; 	94.332 ; 	97.633 ; 	3.301 ;3 %;23,0 %;24,3 %;1,2 %
10900;Allentown-Bethlehem-Easton, PA-NJ;Millennial; 	85.175 ; 	90.352 ; 	5.177 ;6 %;23,1 %;24,2 %;1,1 %
25540;Hartford-West Hartford-East Hartford, CT;Millennial; 	157.377 ; 	159.611 ; 	2.234 ;1 %;23,4 %;24,2 %;0,8 %
24020;Glens Falls, NY;Millennial; 	13.634 ; 	14.316 ; 	682 ;5 %;23,1 %;24,1 %;1,0 %
49620;York-Hanover, PA;Millennial; 	44.572 ; 	45.490 ; 	918 ;2 %;22,8 %;24,1 %;1,3 %
37380;Palm Coast, FL;Millennial; 	4.944 ; 	5.331 ; 	387 ;8 %;22,6 %;24,1 %;1,4 %
34940;Naples-Marco Island, FL;Millennial; 	35.657 ; 	33.352 ; 	(2.305);-6 %;24,1 %;24,0 %;-0,1 %
19260;Danville, VA;Millennial; 	10.059 ; 	10.380 ; 	321 ;3 %;22,8 %;23,9 %;1,1 %
48540;Wheeling, WV-OH;Millennial; 	16.405 ; 	16.506 ; 	101 ;1 %;23,2 %;23,9 %;0,7 %
47220;Vineland-Millville-Bridgeton, NJ;Millennial; 	15.363 ; 	15.053 ; 	(310);-2 %;23,0 %;23,9 %;0,9 %
39740;Reading, PA;Millennial; 	43.712 ; 	43.936 ; 	224 ;1 %;23,2 %;23,9 %;0,7 %
30140;Lebanon, PA;Millennial; 	12.652 ; 	13.245 ; 	593 ;5 %;23,3 %;23,9 %;0,6 %
28740;Kingston, NY;Millennial; 	16.506 ; 	15.833 ; 	(673);-4 %;23,0 %;23,9 %;0,9 %
37340;Palm Bay-Melbourne-Titusville, FL;Millennial; 	52.090 ; 	50.375 ; 	(1.715);-3 %;23,0 %;23,8 %;0,7 %
25860;Hickory-Lenoir-Morganton, NC;Millennial; 	42.067 ; 	36.794 ; 	(5.273);-13 %;23,9 %;23,8 %;-0,1 %
12100;Atlantic City-Hammonton, NJ;Millennial; 	37.090 ; 	34.355 ; 	(2.735);-7 %;23,7 %;23,7 %;0,0 %
36140;Ocean City, NJ;Millennial; 	10.853 ; 	10.289 ; 	(564);-5 %;23,0 %;23,7 %;0,7 %
35840;North Port-Bradenton-Sarasota, FL;Millennial; 	72.889 ; 	64.363 ; 	(8.526);-12 %;23,4 %;23,6 %;0,3 %
45940;Trenton-Ewing, NJ;Millennial; 	59.345 ; 	59.741 ; 	396 ;1 %;23,9 %;23,5 %;-0,4 %
22540;Fond du Lac, WI;Millennial; 	12.126 ; 	12.039 ; 	(87);-1 %;23,2 %;23,5 %;0,3 %
31700;Manchester-Nashua, NH;Millennial; 	50.842 ; 	49.525 ; 	(1.317);-3 %;23,2 %;23,5 %;0,3 %
28700;Kingsport-Bristol-Bristol, TN-VA;Millennial; 	31.842 ; 	30.265 ; 	(1.577);-5 %;23,8 %;23,5 %;-0,3 %
43100;Sheboygan, WI;Millennial; 	16.087 ; 	14.509 ; 	(1.578);-10 %;23,8 %;23,5 %;-0,3 %
27780;Johnstown, PA;Millennial; 	15.264 ; 	14.571 ; 	(693);-5 %;23,4 %;23,4 %;0,0 %
38940;Port St. Lucie, FL;Millennial; 	34.692 ; 	32.910 ; 	(1.782);-5 %;23,1 %;23,3 %;0,2 %
34100;Morristown, TN;Millennial; 	13.317 ; 	11.525 ; 	(1.792);-13 %;24,4 %;23,2 %;-1,2 %
29020;Kokomo, IN;Millennial; 	11.122 ; 	10.551 ; 	(571);-5 %;22,5 %;23,2 %;0,7 %
35980;Norwich-New London, CT;Millennial; 	32.265 ; 	32.897 ; 	632 ;2 %;21,7 %;23,1 %;1,4 %
49660;Youngstown-Warren-Boardman, OH-PA;Millennial; 	59.300 ; 	55.819 ; 	(3.481);-6 %;22,9 %;23,1 %;0,2 %
42680;Sebastian-Vero Beach, FL;Millennial; 	12.592 ; 	12.254 ; 	(338);-3 %;22,5 %;22,9 %;0,5 %
16180;Carson City, NV;Millennial; 	7.752 ; 	6.642 ; 	(1.110);-14 %;22,5 %;22,9 %;0,4 %
39460;Punta Gorda, FL;Millennial; 	10.465 ; 	10.681 ; 	216 ;2 %;21,7 %;22,7 %;0,9 %
44600;Steubenville-Weirton, OH-WV;Millennial; 	10.621 ; 	9.397 ; 	(1.224);-12 %;21,1 %;21,3 %;0,2 %