"faa","name","city","flight_date","total_planned_flights","total_actual_flights","total_cancelled_flights","total_diverted_flights","cancellation_percentage","diversion_percentage","avg_dep_delay","avg_arr_delay","avg_temperature_c","daily_precipitation","daily_average_wind_speed","avg_pressure_hpa"
CRP,Corpus Christi International Airport,Corpus Christi,2017-07-28,15,15,0,0,0.00,0.00,35.8571428571428571,23.2500000000000000,29.4,0.0,16.9,1013.4
CRP,Corpus Christi International Airport,Corpus Christi,2017-07-29,10,10,0,0,0.00,0.00,-4.0000000000000000,13.0000000000000000,29.5,0.0,15.5,1012.2
CRP,Corpus Christi International Airport,Corpus Christi,2017-07-30,14,14,0,0,0.00,0.00,2.4285714285714286,-1.4285714285714286,29.0,0.0,14.0,1013.0
CRP,Corpus Christi International Airport,Corpus Christi,2017-07-31,16,16,0,0,0.00,0.00,3.0000000000000000,11.7500000000000000,29.4,0.0,10.8,1014.0
CRP,Corpus Christi International Airport,Corpus Christi,2017-08-01,14,14,0,0,0.00,0.00,-4.1428571428571429,10.1428571428571429,29.3,0.0,10.8,1013.8
CRP,Corpus Christi International Airport,Corpus Christi,2017-08-02,12,12,0,0,0.00,0.00,-1.6666666666666667,11.8333333333333333,29.1,0.0,10.8,1013.8
CRP,Corpus Christi International Airport,Corpus Christi,2017-08-03,14,14,0,0,0.00,0.00,3.8571428571428571,15.8571428571428571,28.2,0.0,10.4,1015.3
CRP,Corpus Christi International Airport,Corpus Christi,2017-08-04,15,15,0,0,0.00,0.00,30.2500000000000000,43.5714285714285714,29.0,0.3,12.2,1015.4
CRP,Corpus Christi International Airport,Corpus Christi,2017-08-05,7,7,0,0,0.00,0.00,-3.6666666666666667,14.7500000000000000,29.7,0.0,20.5,1013.6
CRP,Corpus Christi International Airport,Corpus Christi,2017-08-06,12,12,0,0,0.00,0.00,33.3333333333333333,17.6666666666666667,30.2,0.0,25.2,1010.8
CRP,Corpus Christi International Airport,Corpus Christi,2017-08-07,14,14,0,0,0.00,0.00,63.2857142857142857,56.5714285714285714,30.1,7.6,20.5,1011.2
CRP,Corpus Christi International Airport,Corpus Christi,2017-08-08,14,14,0,0,0.00,0.00,-6.0000000000000000,5.2857142857142857,29.4,0.0,10.8,1013.1
CRP,Corpus Christi International Airport,Corpus Christi,2017-08-09,12,12,0,0,0.00,0.00,1.1666666666666667,11.8333333333333333,29.4,0.0,11.5,1014.7
CRP,Corpus Christi International Airport,Corpus Christi,2017-08-10,14,14,0,0,0.00,0.00,13.0000000000000000,33.2857142857142857,29.5,13.0,8.3,1016.9
CRP,Corpus Christi International Airport,Corpus Christi,2017-08-11,15,15,0,0,0.00,0.00,-0.50000000000000000000,5.7142857142857143,28.4,0.0,13.7,1016.3
CRP,Corpus Christi International Airport,Corpus Christi,2017-08-12,9,9,0,0,0.00,0.00,-5.2500000000000000,-3.4000000000000000,30.2,0.0,17.6,1014.0
CRP,Corpus Christi International Airport,Corpus Christi,2017-08-13,14,14,0,0,0.00,0.00,-1.00000000000000000000,0.71428571428571428571,30.2,0.0,20.9,1011.9
CRP,Corpus Christi International Airport,Corpus Christi,2017-08-14,14,14,0,0,0.00,0.00,25.1428571428571429,45.2857142857142857,30.0,0.0,23.0,1010.3
CRP,Corpus Christi International Airport,Corpus Christi,2017-08-15,15,15,0,0,0.00,0.00,-7.7500000000000000,-2.1428571428571429,29.8,0.0,23.4,1010.4
CRP,Corpus Christi International Airport,Corpus Christi,2017-08-16,14,14,0,0,0.00,0.00,-6.7142857142857143,-5.0000000000000000,30.3,0.0,24.8,1012.7
CRP,Corpus Christi International Airport,Corpus Christi,2017-08-17,14,14,0,0,0.00,0.00,-6.1428571428571429,2.2857142857142857,30.4,0.0,22.0,1014.9
CRP,Corpus Christi International Airport,Corpus Christi,2017-08-18,14,14,0,0,0.00,0.00,0.71428571428571428571,2.7142857142857143,29.9,0.0,17.6,1015.1
CRP,Corpus Christi International Airport,Corpus Christi,2017-08-19,12,12,0,0,0.00,0.00,-6.6666666666666667,3.8333333333333333,30.1,0.0,14.8,1014.5
CRP,Corpus Christi International Airport,Corpus Christi,2017-08-20,12,12,0,0,0.00,0.00,-8.6666666666666667,-5.0000000000000000,29.6,0.0,14.4,1014.5
CRP,Corpus Christi International Airport,Corpus Christi,2017-08-21,14,14,0,0,0.00,0.00,14.0000000000000000,24.0000000000000000,29.5,0.0,13.7,1016.2
CRP,Corpus Christi International Airport,Corpus Christi,2017-08-22,14,14,0,0,0.00,0.00,4.2857142857142857,10.1428571428571429,29.3,0.5,12.2,1016.0
CRP,Corpus Christi International Airport,Corpus Christi,2017-08-23,14,14,0,0,0.00,0.00,-6.1428571428571429,-0.28571428571428571429,28.9,0.0,11.5,1013.1
CRP,Corpus Christi International Airport,Corpus Christi,2017-08-24,14,14,0,0,0.00,0.00,0.71428571428571428571,10.7142857142857143,29.2,8.4,18.0,1009.9
CRP,Corpus Christi International Airport,Corpus Christi,2017-09-03,6,6,0,0,0.00,0.00,-5.6666666666666667,-4.3333333333333333,26.9,0.0,10.4,1016.9
CRP,Corpus Christi International Airport,Corpus Christi,2017-09-04,8,8,0,0,0.00,0.00,-5.4000000000000000,-8.6666666666666667,27.5,5.3,12.6,1015.4
CRP,Corpus Christi International Airport,Corpus Christi,2017-09-05,13,13,0,1,0.00,7.69,-3.8571428571428571,-6.1666666666666667,27.3,0.0,6.1,1014.5
CRP,Corpus Christi International Airport,Corpus Christi,2017-09-06,8,8,0,0,0.00,0.00,0.00000000000000000000,4.0000000000000000,26.3,0.0,16.9,1015.7
CRP,Corpus Christi International Airport,Corpus Christi,2017-09-07,16,16,1,0,6.25,0.00,-3.8750000000000000,2.6250000000000000,24.7,0.0,17.3,1017.8
CRP,Corpus Christi International Airport,Corpus Christi,2017-09-08,16,16,0,0,0.00,0.00,5.3750000000000000,11.5000000000000000,24.8,0.0,20.5,1017.1
CRP,Corpus Christi International Airport,Corpus Christi,2017-09-09,12,12,0,0,0.00,0.00,-7.3333333333333333,-10.6666666666666667,25.9,0.0,17.6,1017.3
CRP,Corpus Christi International Airport,Corpus Christi,2017-09-10,14,14,0,0,0.00,0.00,0.28571428571428571429,-4.8571428571428571,24.7,0.0,12.6,1017.0
CRP,Corpus Christi International Airport,Corpus Christi,2017-09-11,14,14,0,0,0.00,0.00,-3.1428571428571429,-0.42857142857142857143,24.1,0.0,14.4,1015.6
CRP,Corpus Christi International Airport,Corpus Christi,2017-09-12,16,16,0,0,0.00,0.00,-4.6250000000000000,-2.8750000000000000,24.4,0.0,10.1,1012.0
CRP,Corpus Christi International Airport,Corpus Christi,2017-09-13,16,16,0,0,0.00,0.00,-6.0000000000000000,-9.6250000000000000,25.1,0.0,15.5,1009.3
CRP,Corpus Christi International Airport,Corpus Christi,2017-09-14,16,16,0,0,0.00,0.00,-3.8750000000000000,-2.0000000000000000,27.7,0.0,20.9,1009.5
CRP,Corpus Christi International Airport,Corpus Christi,2017-09-15,16,16,0,0,0.00,0.00,-6.1250000000000000,-6.5000000000000000,26.9,0.0,18.4,1011.1
CRP,Corpus Christi International Airport,Corpus Christi,2017-09-16,12,12,0,0,0.00,0.00,-3.5000000000000000,1.1666666666666667,27.4,0.0,14.8,1013.3
CRP,Corpus Christi International Airport,Corpus Christi,2017-09-17,14,14,0,0,0.00,0.00,-7.4285714285714286,-5.0000000000000000,27.8,0.0,12.6,1014.5
CRP,Corpus Christi International Airport,Corpus Christi,2017-09-18,14,14,0,0,0.00,0.00,0.57142857142857142857,32.4285714285714286,28.7,4.1,18.0,1013.7
CRP,Corpus Christi International Airport,Corpus Christi,2017-09-19,16,16,0,0,0.00,0.00,-8.6250000000000000,-5.8750000000000000,29.2,0.0,21.6,1012.0
CRP,Corpus Christi International Airport,Corpus Christi,2017-09-20,16,16,0,0,0.00,0.00,-3.8750000000000000,5.0000000000000000,29.4,0.0,21.6,1011.4
CRP,Corpus Christi International Airport,Corpus Christi,2017-09-21,16,16,0,0,0.00,0.00,28.7500000000000000,36.0000000000000000,29.2,0.0,21.6,1012.1
CRP,Corpus Christi International Airport,Corpus Christi,2017-09-22,16,16,0,0,0.00,0.00,-3.5000000000000000,-3.8750000000000000,28.2,3.8,21.6,1011.9
CRP,Corpus Christi International Airport,Corpus Christi,2017-09-23,12,12,0,0,0.00,0.00,-7.3333333333333333,-6.5000000000000000,28.0,0.0,18.4,1010.7
CRP,Corpus Christi International Airport,Corpus Christi,2017-09-24,14,14,0,0,0.00,0.00,-3.8571428571428571,1.4285714285714286,28.4,0.0,18.4,1009.6
CRP,Corpus Christi International Airport,Corpus Christi,2017-09-25,14,14,0,0,0.00,0.00,-1.5714285714285714,-3.7142857142857143,28.1,12.2,19.8,1008.8
CRP,Corpus Christi International Airport,Corpus Christi,2017-09-26,16,16,0,0,0.00,0.00,1.7500000000000000,-8.8750000000000000,28.6,11.4,19.8,1009.3
CRP,Corpus Christi International Airport,Corpus Christi,2017-09-27,16,16,0,0,0.00,0.00,-6.7500000000000000,-2.7500000000000000,27.9,0.0,19.1,1011.1
CRP,Corpus Christi International Airport,Corpus Christi,2017-09-28,16,16,0,0,0.00,0.00,6.7500000000000000,7.2500000000000000,27.5,0.0,15.1,1013.1
HOU,William P Hobby Airport,Houston,2017-07-28,321,321,0,0,0.00,0.00,28.1111111111111111,19.5974842767295597,31.0,0.0,10.8,
HOU,William P Hobby Airport,Houston,2017-07-29,264,264,0,0,0.00,0.00,10.8345864661654135,5.9236641221374046,31.7,0.0,11.5,
HOU,William P Hobby Airport,Houston,2017-07-30,315,315,0,0,0.00,0.00,5.7261146496815287,1.2974683544303797,31.6,0.0,11.9,
HOU,William P Hobby Airport,Houston,2017-07-31,324,324,0,0,0.00,0.00,5.8509316770186335,-1.7300613496932515,30.2,0.0,12.6,
HOU,William P Hobby Airport,Houston,2017-08-01,324,324,0,0,0.00,0.00,5.5398773006134969,0.83229813664596273292,30.3,0.0,12.2,
HOU,William P Hobby Airport,Houston,2017-08-02,320,320,0,2,0.00,0.63,22.4187500000000000,20.2000000000000000,28.6,6.6,7.6,
HOU,William P Hobby Airport,Houston,2017-08-03,316,316,0,1,0.00,0.32,27.0440251572327044,27.1974522292993631,28.0,0.0,8.3,
HOU,William P Hobby Airport,Houston,2017-08-04,314,314,0,0,0.00,0.00,40.6346153846153846,37.2594936708860759,29.7,0.0,6.8,
HOU,William P Hobby Airport,Houston,2017-08-05,260,260,0,1,0.00,0.38,22.6641221374045802,15.9922480620155039,28.7,7.4,8.3,
HOU,William P Hobby Airport,Houston,2017-08-06,306,306,0,0,0.00,0.00,16.6274509803921569,14.2810457516339869,29.3,0.8,12.2,
HOU,William P Hobby Airport,Houston,2017-08-07,289,289,0,0,0.00,0.00,40.2993197278911565,35.0140845070422535,28.7,14.7,6.8,
HOU,William P Hobby Airport,Houston,2017-08-08,324,324,0,0,0.00,0.00,16.8518518518518519,11.7160493827160494,27.6,16.5,8.6,
HOU,William P Hobby Airport,Houston,2017-08-09,319,319,0,0,0.00,0.00,19.4562500000000000,7.4591194968553459,29.4,0.0,9.7,
HOU,William P Hobby Airport,Houston,2017-08-10,323,323,1,1,0.31,0.31,20.1428571428571429,14.4197530864197531,30.6,0.0,8.3,
HOU,William P Hobby Airport,Houston,2017-08-11,323,323,0,0,0.00,0.00,16.8456790123456790,17.8571428571428571,31.2,0.8,10.1,
HOU,William P Hobby Airport,Houston,2017-08-12,266,266,0,1,0.00,0.38,6.6194029850746269,4.6439393939393939,31.3,0.0,11.2,
HOU,William P Hobby Airport,Houston,2017-08-13,312,312,0,0,0.00,0.00,11.6709677419354839,7.9554140127388535,31.2,0.0,14.0,
HOU,William P Hobby Airport,Houston,2017-08-14,322,322,0,0,0.00,0.00,16.8950617283950617,12.9312500000000000,31.2,0.0,14.4,
HOU,William P Hobby Airport,Houston,2017-08-15,296,296,0,0,0.00,0.00,10.0753424657534247,8.5866666666666667,31.0,0.0,15.1,
HOU,William P Hobby Airport,Houston,2017-08-16,303,303,0,0,0.00,0.00,8.0131578947368421,5.2384105960264901,31.2,0.3,14.8,
HOU,William P Hobby Airport,Houston,2017-08-17,303,303,0,1,0.00,0.33,14.1052631578947368,11.1854304635761589,31.8,0.0,13.3,
HOU,William P Hobby Airport,Houston,2017-08-18,307,307,0,0,0.00,0.00,12.0129870129870130,12.0261437908496732,31.0,0.3,9.4,
HOU,William P Hobby Airport,Houston,2017-08-19,257,257,0,1,0.00,0.39,4.2500000000000000,0.20930232558139534884,31.3,0.0,7.9,
HOU,William P Hobby Airport,Houston,2017-08-20,286,286,0,0,0.00,0.00,11.8951048951048951,3.1818181818181818,30.5,0.0,6.5,
HOU,William P Hobby Airport,Houston,2017-08-21,307,307,0,0,0.00,0.00,9.3725490196078431,9.0714285714285714,30.7,0.0,7.9,
HOU,William P Hobby Airport,Houston,2017-08-22,302,302,0,0,0.00,0.00,5.7565789473684211,1.1600000000000000,30.6,0.0,7.2,
HOU,William P Hobby Airport,Houston,2017-08-23,303,303,0,0,0.00,0.00,5.9671052631578947,5.1059602649006623,30.2,0.0,7.2,
HOU,William P Hobby Airport,Houston,2017-08-24,303,303,0,0,0.00,0.00,19.8026315789473684,11.3443708609271523,30.3,0.0,13.3,
HOU,William P Hobby Airport,Houston,2017-08-25,250,250,0,1,0.00,0.40,15.8796992481203008,10.4786324786324786,26.9,35.8,27.4,
HOU,William P Hobby Airport,Houston,2017-08-26,114,114,0,1,0.00,0.88,15.0185185185185185,18.4833333333333333,27.4,306.6,25.6,
HOU,William P Hobby Airport,Houston,2017-08-31,7,7,0,0,0.00,0.00,-3.3333333333333333,-10.7500000000000000,29.0,0.0,13.3,
HOU,William P Hobby Airport,Houston,2017-09-01,16,16,0,0,0.00,0.00,3.1428571428571429,-4.6666666666666667,28.5,0.0,5.8,
HOU,William P Hobby Airport,Houston,2017-09-02,58,58,0,0,0.00,0.00,13.4666666666666667,-5.3214285714285714,28.4,0.0,4.7,
HOU,William P Hobby Airport,Houston,2017-09-03,156,156,0,0,0.00,0.00,3.9743589743589744,-5.6153846153846154,28.6,0.0,4.7,
HOU,William P Hobby Airport,Houston,2017-09-04,178,178,0,0,0.00,0.00,2.5833333333333333,-4.2021276595744681,28.2,0.0,5.8,
HOU,William P Hobby Airport,Houston,2017-09-05,203,203,0,2,0.00,0.99,5.7549019607843137,0.74257425742574257426,28.7,0.0,5.4,
HOU,William P Hobby Airport,Houston,2017-09-06,232,232,0,0,0.00,0.00,4.4537037037037037,0.53225806451612903226,27.2,0.0,18.0,
HOU,William P Hobby Airport,Houston,2017-09-07,297,297,0,0,0.00,0.00,6.8590604026845638,4.9932432432432432,24.1,0.0,10.8,
HOU,William P Hobby Airport,Houston,2017-09-08,293,293,0,1,0.00,0.34,14.3082191780821918,12.1564625850340136,24.3,0.0,10.1,
HOU,William P Hobby Airport,Houston,2017-09-09,238,238,0,0,0.00,0.00,-0.10084033613445378151,-8.2436974789915966,24.7,0.0,15.8,
HOU,William P Hobby Airport,Houston,2017-09-10,257,257,0,0,0.00,0.00,2.8750000000000000,-7.0232558139534884,25.6,0.0,18.7,
HOU,William P Hobby Airport,Houston,2017-09-11,252,252,0,1,0.00,0.40,0.69047619047619047619,-5.6904761904761905,25.7,0.0,15.1,
HOU,William P Hobby Airport,Houston,2017-09-12,273,273,0,0,0.00,0.00,-0.33333333333333333333,-8.9925925925925926,24.6,0.0,8.6,
HOU,William P Hobby Airport,Houston,2017-09-13,290,290,0,0,0.00,0.00,3.6712328767123288,-0.38194444444444444444,26.1,0.0,10.8,
HOU,William P Hobby Airport,Houston,2017-09-14,293,293,0,2,0.00,0.68,15.9527027027027027,9.2827586206896552,27.3,0.0,8.6,
HOU,William P Hobby Airport,Houston,2017-09-15,300,300,0,0,0.00,0.00,3.1866666666666667,-3.4466666666666667,27.6,0.0,9.4,
HOU,William P Hobby Airport,Houston,2017-09-16,247,247,0,0,0.00,0.00,2.5365853658536585,-8.5403225806451613,27.9,0.0,5.8,
HOU,William P Hobby Airport,Houston,2017-09-17,275,275,0,0,0.00,0.00,7.7737226277372263,3.0362318840579710,28.2,0.0,5.4,
HOU,William P Hobby Airport,Houston,2017-09-18,292,292,0,0,0.00,0.00,20.9731543624161074,8.4965034965034965,28.7,33.5,7.9,
HOU,William P Hobby Airport,Houston,2017-09-19,298,298,0,0,0.00,0.00,6.9127516778523490,-1.2751677852348993,28.2,0.0,10.8,
HOU,William P Hobby Airport,Houston,2017-09-20,290,290,1,0,0.34,0.00,17.0536912751677852,2.5815602836879433,28.9,31.2,10.1,
HOU,William P Hobby Airport,Houston,2017-09-21,299,299,0,0,0.00,0.00,37.3600000000000000,31.8523489932885906,27.2,15.5,7.9,
HOU,William P Hobby Airport,Houston,2017-09-22,300,300,0,0,0.00,0.00,5.7000000000000000,-6.4333333333333333,27.8,0.0,6.5,
HOU,William P Hobby Airport,Houston,2017-09-23,246,246,0,0,0.00,0.00,1.1626016260162602,-12.2682926829268293,27.9,0.0,7.9,
HOU,William P Hobby Airport,Houston,2017-09-24,274,274,0,0,0.00,0.00,8.7573529411764706,0.47101449275362318841,28.1,0.0,9.4,
HOU,William P Hobby Airport,Houston,2017-09-25,300,300,0,0,0.00,0.00,5.0666666666666667,-0.89333333333333333333,28.4,0.0,9.7,
HOU,William P Hobby Airport,Houston,2017-09-26,300,300,0,0,0.00,0.00,3.7000000000000000,-2.3133333333333333,28.3,0.0,6.8,
HOU,William P Hobby Airport,Houston,2017-09-27,297,297,0,0,0.00,0.00,5.0202702702702703,-0.60402684563758389262,28.6,1.0,6.1,
HOU,William P Hobby Airport,Houston,2017-09-28,300,300,0,0,0.00,0.00,14.6158940397350993,7.5302013422818792,28.4,14.0,6.8,
IAH,George Bush Intercontinental Houston Airport,Houston,2017-07-28,786,786,0,0,0.00,0.00,7.5139949109414758,-2.8549618320610687,30.7,0.0,9.7,1013.6
IAH,George Bush Intercontinental Houston Airport,Houston,2017-07-29,657,657,0,0,0.00,0.00,4.7723076923076923,-8.2259036144578313,31.2,0.0,11.5,1012.1
IAH,George Bush Intercontinental Houston Airport,Houston,2017-07-30,742,742,0,0,0.00,0.00,0.80053191489361702128,-7.8770491803278689,30.7,0.0,11.5,1013.9
IAH,George Bush Intercontinental Houston Airport,Houston,2017-07-31,785,785,0,0,0.00,0.00,1.7340153452685422,-7.2436548223350254,28.3,0.0,10.1,1015.5
IAH,George Bush Intercontinental Houston Airport,Houston,2017-08-01,771,771,0,1,0.00,0.13,5.1731266149870801,-3.4114583333333333,28.2,0.0,12.2,1014.8
IAH,George Bush Intercontinental Houston Airport,Houston,2017-08-02,758,758,0,6,0.00,0.79,18.9322916666666667,16.8395721925133690,27.3,2.3,11.2,1015.2
IAH,George Bush Intercontinental Houston Airport,Houston,2017-08-03,765,765,0,1,0.00,0.13,9.4389610389610390,16.1657894736842105,26.1,0.0,9.4,1015.8
IAH,George Bush Intercontinental Houston Airport,Houston,2017-08-04,769,769,0,1,0.00,0.13,21.5300261096605744,15.8989637305699482,27.6,32.0,7.6,1016.0
IAH,George Bush Intercontinental Houston Airport,Houston,2017-08-05,642,642,0,2,0.00,0.31,12.8625000000000000,6.1397515527950311,27.3,9.9,8.3,1015.0
IAH,George Bush Intercontinental Houston Airport,Houston,2017-08-06,720,720,0,0,0.00,0.00,18.4754098360655738,11.8700564971751412,28.6,2.5,10.8,1012.2
IAH,George Bush Intercontinental Houston Airport,Houston,2017-08-07,727,727,0,0,0.00,0.00,66.6703601108033241,71.3825136612021858,27.6,54.1,8.6,1012.8
IAH,George Bush Intercontinental Houston Airport,Houston,2017-08-08,766,766,0,2,0.00,0.26,6.5336787564766839,1.9552631578947368,25.4,91.7,7.6,1014.0
IAH,George Bush Intercontinental Houston Airport,Houston,2017-08-09,774,774,0,0,0.00,0.00,1.9041450777202073,-5.3041237113402062,27.8,0.0,8.6,1015.0
IAH,George Bush Intercontinental Houston Airport,Houston,2017-08-10,769,769,0,1,0.00,0.13,21.7610389610389610,8.1093750000000000,29.4,3.0,5.8,1017.5
IAH,George Bush Intercontinental Houston Airport,Houston,2017-08-11,766,766,0,3,0.00,0.39,2.9166666666666667,-2.0000000000000000,29.3,0.0,7.2,1016.7
IAH,George Bush Intercontinental Houston Airport,Houston,2017-08-12,644,644,0,0,0.00,0.00,0.95937500000000000000,-6.3240740740740741,30.8,0.0,9.4,1014.5
IAH,George Bush Intercontinental Houston Airport,Houston,2017-08-13,723,723,0,0,0.00,0.00,2.6338797814207650,-7.5126050420168067,30.6,0.0,11.2,1012.6
IAH,George Bush Intercontinental Houston Airport,Houston,2017-08-14,762,762,0,2,0.00,0.26,4.4221635883905013,-7.2375979112271540,30.9,0.0,13.3,1011.2
IAH,George Bush Intercontinental Houston Airport,Houston,2017-08-15,664,664,0,0,0.00,0.00,4.5838323353293413,2.5545454545454545,30.7,0.0,12.2,1011.5
IAH,George Bush Intercontinental Houston Airport,Houston,2017-08-16,722,722,0,0,0.00,0.00,1.3573407202216066,-5.8005540166204986,31.0,0.0,14.8,1014.0
IAH,George Bush Intercontinental Houston Airport,Houston,2017-08-17,725,725,0,0,0.00,0.00,1.4325068870523416,-4.9889502762430939,31.3,0.0,11.9,1015.8
IAH,George Bush Intercontinental Houston Airport,Houston,2017-08-18,731,731,0,0,0.00,0.00,4.6311475409836066,-4.1917808219178082,30.8,0.0,9.0,1015.8
IAH,George Bush Intercontinental Houston Airport,Houston,2017-08-19,603,603,0,1,0.00,0.17,1.9133333333333333,-6.3267326732673267,30.8,0.0,7.6,1015.1
IAH,George Bush Intercontinental Houston Airport,Houston,2017-08-20,709,709,0,1,0.00,0.14,3.9075630252100840,-6.4176136363636364,30.4,0.0,8.6,1015.4
IAH,George Bush Intercontinental Houston Airport,Houston,2017-08-21,726,726,0,1,0.00,0.14,1.9473684210526316,-5.0438356164383562,29.4,0.0,9.4,1017.5
IAH,George Bush Intercontinental Houston Airport,Houston,2017-08-22,648,648,0,4,0.00,0.62,4.8987730061349693,-3.9068322981366460,28.8,0.0,6.1,1016.6
IAH,George Bush Intercontinental Houston Airport,Houston,2017-08-23,710,710,0,0,0.00,0.00,5.4107648725212465,2.7591036414565826,29.4,3.8,8.6,1013.8
IAH,George Bush Intercontinental Houston Airport,Houston,2017-08-24,724,724,0,1,0.00,0.14,0.76243093922651933702,-4.5276243093922652,29.0,0.0,13.0,1011.3
IAH,George Bush Intercontinental Houston Airport,Houston,2017-08-25,708,708,0,0,0.00,0.00,1.7752808988764045,-0.01420454545454545455,25.6,9.9,24.1,1010.5
IAH,George Bush Intercontinental Houston Airport,Houston,2017-08-26,174,174,0,1,0.00,0.57,70.1190476190476190,44.8555555555555556,25.4,212.6,29.5,1009.6
IAH,George Bush Intercontinental Houston Airport,Houston,2017-08-27,13,13,0,0,0.00,0.00,140.4166666666666667,257.0000000000000000,24.3,408.2,24.8,1007.6
IAH,George Bush Intercontinental Houston Airport,Houston,2017-08-30,7,7,0,0,0.00,0.00,155.6666666666666667,42.0000000000000000,24.9,0.0,23.0,1007.7
IAH,George Bush Intercontinental Houston Airport,Houston,2017-08-31,104,104,0,0,0.00,0.00,11.3333333333333333,1.7857142857142857,27.8,0.0,10.8,1012.2
IAH,George Bush Intercontinental Houston Airport,Houston,2017-09-01,224,224,0,1,0.00,0.45,3.9629629629629630,-7.4655172413793103,26.7,0.0,7.2,1015.1
IAH,George Bush Intercontinental Houston Airport,Houston,2017-09-02,293,293,0,0,0.00,0.00,4.0915492957746479,-9.1854304635761589,27.4,0.0,4.7,1016.7
IAH,George Bush Intercontinental Houston Airport,Houston,2017-09-03,330,330,0,0,0.00,0.00,0.08139534883720930233,-12.2784810126582278,27.1,0.0,5.8,1017.8
IAH,George Bush Intercontinental Houston Airport,Houston,2017-09-04,420,420,0,0,0.00,0.00,-0.78037383177570093458,-12.8495145631067961,27.1,0.0,7.2,1016.3
IAH,George Bush Intercontinental Houston Airport,Houston,2017-09-05,475,475,0,0,0.00,0.00,11.9659574468085106,0.31666666666666666667,27.4,0.0,4.7,1014.9
IAH,George Bush Intercontinental Houston Airport,Houston,2017-09-06,562,562,0,0,0.00,0.00,1.4522968197879859,-5.8064516129032258,25.7,1.5,14.8,1017.0
IAH,George Bush Intercontinental Houston Airport,Houston,2017-09-07,600,600,0,2,0.00,0.33,1.0936454849498328,-2.0697674418604651,22.3,0.0,10.8,1019.0
IAH,George Bush Intercontinental Houston Airport,Houston,2017-09-08,611,611,0,1,0.00,0.16,2.5868852459016393,-3.9313725490196078,22.4,0.0,10.4,1019.0
IAH,George Bush Intercontinental Houston Airport,Houston,2017-09-09,491,491,0,0,0.00,0.00,5.3415637860082305,-5.4838709677419355,23.2,0.0,11.2,1018.8
IAH,George Bush Intercontinental Houston Airport,Houston,2017-09-10,613,613,0,0,0.00,0.00,4.5048543689320388,-1.6118421052631579,23.9,0.0,12.6,1018.1
IAH,George Bush Intercontinental Houston Airport,Houston,2017-09-11,636,636,0,0,0.00,0.00,0.54889589905362776025,-8.3793103448275862,23.8,0.0,11.2,1015.8
IAH,George Bush Intercontinental Houston Airport,Houston,2017-09-12,609,609,0,0,0.00,0.00,-1.7572815533980583,-9.9100000000000000,22.7,0.0,7.9,1011.3
IAH,George Bush Intercontinental Houston Airport,Houston,2017-09-13,633,633,0,0,0.00,0.00,5.9842271293375394,-4.0379746835443038,24.7,0.0,7.9,1009.8
IAH,George Bush Intercontinental Houston Airport,Houston,2017-09-14,713,713,0,0,0.00,0.00,2.2374301675977654,-4.2084507042253521,26.2,0.0,11.2,1011.2
IAH,George Bush Intercontinental Houston Airport,Houston,2017-09-15,714,714,0,0,0.00,0.00,3.6330532212885154,-5.6918767507002801,26.0,0.0,10.1,1012.8
IAH,George Bush Intercontinental Houston Airport,Houston,2017-09-16,529,529,0,0,0.00,0.00,2.9925093632958801,-7.5763358778625954,26.4,0.0,6.8,1014.6
IAH,George Bush Intercontinental Houston Airport,Houston,2017-09-17,679,679,0,0,0.00,0.00,1.8328445747800587,-4.6242603550295858,26.8,0.0,7.6,1015.8
IAH,George Bush Intercontinental Houston Airport,Houston,2017-09-18,703,703,0,1,0.00,0.14,19.0983146067415730,11.2074927953890490,27.2,10.7,6.5,1015.0
IAH,George Bush Intercontinental Houston Airport,Houston,2017-09-19,649,649,0,2,0.00,0.31,1.3230769230769231,-2.5061728395061728,26.8,0.0,10.1,1013.2
IAH,George Bush Intercontinental Houston Airport,Houston,2017-09-20,650,650,0,1,0.00,0.15,6.8318042813455657,4.8699690402476780,28.7,12.2,10.8,1012.8
IAH,George Bush Intercontinental Houston Airport,Houston,2017-09-21,720,720,0,0,0.00,0.00,12.3342541436464088,8.0279329608938547,26.8,0.5,9.4,1014.2
IAH,George Bush Intercontinental Houston Airport,Houston,2017-09-22,724,724,0,1,0.00,0.14,0.85911602209944751381,-5.1077348066298343,26.4,0.0,7.2,1013.8
IAH,George Bush Intercontinental Houston Airport,Houston,2017-09-23,533,533,0,0,0.00,0.00,-3.0374531835205993,-10.4586466165413534,26.9,0.0,10.8,1012.6
IAH,George Bush Intercontinental Houston Airport,Houston,2017-09-24,676,676,0,2,0.00,0.30,1.9085545722713864,-7.7062314540059347,26.8,0.3,10.4,1011.8
IAH,George Bush Intercontinental Houston Airport,Houston,2017-09-25,721,721,0,0,0.00,0.00,-0.61559888579387186630,-6.4254143646408840,26.2,0.0,11.9,1011.0
IAH,George Bush Intercontinental Houston Airport,Houston,2017-09-26,648,648,0,0,0.00,0.00,-2.5586419753086420,-9.2098765432098765,26.6,0.0,7.9,1011.6
IAH,George Bush Intercontinental Houston Airport,Houston,2017-09-27,652,652,0,0,0.00,0.00,-0.60244648318042813456,-10.0923076923076923,27.5,0.0,6.8,1012.9
IAH,George Bush Intercontinental Houston Airport,Houston,2017-09-28,726,726,0,0,0.00,0.00,-1.1267217630853994,-5.9311294765840220,27.4,6.1,7.2,1014.0
LCH,Lake Charles Regional Airport,Lake Charles,2017-07-28,6,6,0,0,0.00,0.00,-7.0000000000000000,-7.6666666666666667,30.1,0.0,16.2,1014.2
LCH,Lake Charles Regional Airport,Lake Charles,2017-07-29,2,2,0,0,0.00,0.00,-9.0000000000000000,-7.0000000000000000,30.0,0.0,16.2,1012.7
LCH,Lake Charles Regional Airport,Lake Charles,2017-07-30,6,6,0,0,0.00,0.00,-9.0000000000000000,-14.0000000000000000,29.7,0.3,11.5,1013.9
LCH,Lake Charles Regional Airport,Lake Charles,2017-07-31,6,6,0,0,0.00,0.00,-10.6666666666666667,-12.0000000000000000,29.2,0.0,15.5,1015.1
LCH,Lake Charles Regional Airport,Lake Charles,2017-08-01,6,6,0,0,0.00,0.00,-13.0000000000000000,-5.3333333333333333,29.7,0.0,19.1,1014.8
LCH,Lake Charles Regional Airport,Lake Charles,2017-08-02,6,6,0,0,0.00,0.00,-9.0000000000000000,-4.0000000000000000,27.7,24.1,12.2,1014.9
LCH,Lake Charles Regional Airport,Lake Charles,2017-08-03,6,6,0,0,0.00,0.00,-11.0000000000000000,3.3333333333333333,26.9,0.3,10.1,1015.7
LCH,Lake Charles Regional Airport,Lake Charles,2017-08-04,6,6,0,0,0.00,0.00,-10.3333333333333333,-11.0000000000000000,28.3,1.5,10.4,1016.3
LCH,Lake Charles Regional Airport,Lake Charles,2017-08-05,2,2,0,0,0.00,0.00,-8.0000000000000000,-14.0000000000000000,28.1,1.5,14.0,1015.5
LCH,Lake Charles Regional Airport,Lake Charles,2017-08-06,6,6,0,0,0.00,0.00,-14.6666666666666667,2.0000000000000000,29.4,1.8,24.1,1013.0
LCH,Lake Charles Regional Airport,Lake Charles,2017-08-07,6,6,0,0,0.00,0.00,39.0000000000000000,39.3333333333333333,29.3,2.5,18.4,1013.2
LCH,Lake Charles Regional Airport,Lake Charles,2017-08-08,6,6,0,0,0.00,0.00,-12.0000000000000000,-8.3333333333333333,27.9,11.4,13.7,1013.8
LCH,Lake Charles Regional Airport,Lake Charles,2017-08-09,6,6,0,0,0.00,0.00,-8.0000000000000000,-3.3333333333333333,27.8,45.5,16.2,1015.4
LCH,Lake Charles Regional Airport,Lake Charles,2017-08-10,5,5,0,0,0.00,0.00,-11.0000000000000000,-8.0000000000000000,29.7,0.0,13.3,1017.9
LCH,Lake Charles Regional Airport,Lake Charles,2017-08-11,5,5,0,0,0.00,0.00,-11.0000000000000000,0.66666666666666666667,30.1,1.5,15.5,1017.3
LCH,Lake Charles Regional Airport,Lake Charles,2017-08-12,2,2,0,0,0.00,0.00,-8.0000000000000000,-18.0000000000000000,30.1,0.0,18.4,1015.2
LCH,Lake Charles Regional Airport,Lake Charles,2017-08-13,6,6,0,0,0.00,0.00,-15.0000000000000000,-14.6666666666666667,30.4,0.0,21.6,1013.4
LCH,Lake Charles Regional Airport,Lake Charles,2017-08-14,6,6,0,0,0.00,0.00,-11.6666666666666667,-15.0000000000000000,30.4,0.0,22.0,1012.1
LCH,Lake Charles Regional Airport,Lake Charles,2017-08-15,4,4,0,0,0.00,0.00,-13.0000000000000000,-17.0000000000000000,30.5,0.0,23.4,1012.4
LCH,Lake Charles Regional Airport,Lake Charles,2017-08-16,6,6,0,0,0.00,0.00,-12.3333333333333333,-11.3333333333333333,30.9,0.0,26.6,1014.9
LCH,Lake Charles Regional Airport,Lake Charles,2017-08-17,6,6,0,0,0.00,0.00,-11.3333333333333333,-5.0000000000000000,31.0,0.0,20.5,1016.7
LCH,Lake Charles Regional Airport,Lake Charles,2017-08-18,6,6,0,0,0.00,0.00,93.3333333333333333,-2.0000000000000000,30.6,0.0,18.4,1016.4
LCH,Lake Charles Regional Airport,Lake Charles,2017-08-19,2,2,0,0,0.00,0.00,-13.0000000000000000,-11.0000000000000000,30.3,0.0,13.7,1015.5
LCH,Lake Charles Regional Airport,Lake Charles,2017-08-20,6,6,0,0,0.00,0.00,-12.0000000000000000,-10.6666666666666667,29.9,0.0,11.5,1015.8
LCH,Lake Charles Regional Airport,Lake Charles,2017-08-21,6,6,0,0,0.00,0.00,-11.6666666666666667,-13.3333333333333333,30.4,0.0,15.1,1017.7
LCH,Lake Charles Regional Airport,Lake Charles,2017-08-22,4,4,0,0,0.00,0.00,-13.5000000000000000,-11.0000000000000000,29.8,4.6,9.7,1017.0
LCH,Lake Charles Regional Airport,Lake Charles,2017-08-23,6,6,0,0,0.00,0.00,-10.0000000000000000,-0.33333333333333333333,29.1,1.8,10.1,1014.1
LCH,Lake Charles Regional Airport,Lake Charles,2017-08-24,5,5,0,0,0.00,0.00,43.3333333333333333,-9.5000000000000000,29.3,0.8,17.6,1011.1
LCH,Lake Charles Regional Airport,Lake Charles,2017-08-25,6,6,0,0,0.00,0.00,-9.3333333333333333,-9.0000000000000000,27.4,71.1,36.4,
LCH,Lake Charles Regional Airport,Lake Charles,2017-09-02,2,2,0,0,0.00,0.00,-4.0000000000000000,-16.0000000000000000,28.4,0.0,6.5,1017.0
LCH,Lake Charles Regional Airport,Lake Charles,2017-09-03,2,2,0,0,0.00,0.00,-5.0000000000000000,4.0000000000000000,28.9,0.0,9.7,1018.0
LCH,Lake Charles Regional Airport,Lake Charles,2017-09-04,2,2,0,0,0.00,0.00,-10.0000000000000000,-13.0000000000000000,28.9,0.0,9.4,1016.5
LCH,Lake Charles Regional Airport,Lake Charles,2017-09-06,6,6,0,0,0.00,0.00,-11.0000000000000000,-12.0000000000000000,27.4,0.0,23.4,1016.2
LCH,Lake Charles Regional Airport,Lake Charles,2017-09-07,6,6,0,0,0.00,0.00,132.6666666666666667,-7.6666666666666667,25.4,0.0,17.6,1018.6
LCH,Lake Charles Regional Airport,Lake Charles,2017-09-08,4,4,0,0,0.00,0.00,-7.5000000000000000,-4.5000000000000000,25.4,0.0,17.6,1018.5
LCH,Lake Charles Regional Airport,Lake Charles,2017-09-09,2,2,0,0,0.00,0.00,-9.0000000000000000,-12.0000000000000000,25.3,0.0,18.4,1018.2
LCH,Lake Charles Regional Airport,Lake Charles,2017-09-10,4,4,0,0,0.00,0.00,-7.0000000000000000,-3.0000000000000000,25.8,0.0,22.3,1017.3
LCH,Lake Charles Regional Airport,Lake Charles,2017-09-11,6,6,0,0,0.00,0.00,-2.0000000000000000,-2.0000000000000000,25.7,0.0,19.8,1015.3
LCH,Lake Charles Regional Airport,Lake Charles,2017-09-12,6,6,0,0,0.00,0.00,-12.6666666666666667,-15.0000000000000000,25.4,0.0,11.2,1011.6
LCH,Lake Charles Regional Airport,Lake Charles,2017-09-13,6,6,0,0,0.00,0.00,-10.6666666666666667,-6.0000000000000000,27.2,0.0,17.6,1010.2
LCH,Lake Charles Regional Airport,Lake Charles,2017-09-14,6,6,0,0,0.00,0.00,-12.0000000000000000,-17.6666666666666667,28.1,0.0,16.9,1011.7
LCH,Lake Charles Regional Airport,Lake Charles,2017-09-15,6,6,0,0,0.00,0.00,82.3333333333333333,18.6666666666666667,28.2,0.0,16.2,1013.1
LCH,Lake Charles Regional Airport,Lake Charles,2017-09-16,2,2,0,0,0.00,0.00,-9.0000000000000000,-14.0000000000000000,28.2,0.0,11.9,1014.9
LCH,Lake Charles Regional Airport,Lake Charles,2017-09-17,4,4,0,0,0.00,0.00,-10.0000000000000000,27.5000000000000000,28.8,0.0,13.7,1015.9
LCH,Lake Charles Regional Airport,Lake Charles,2017-09-18,5,5,0,0,0.00,0.00,-9.6666666666666667,4.0000000000000000,29.6,0.0,17.6,
LCH,Lake Charles Regional Airport,Lake Charles,2017-09-19,6,6,0,0,0.00,0.00,-10.6666666666666667,-8.6666666666666667,29.6,0.0,19.4,1013.8
LCH,Lake Charles Regional Airport,Lake Charles,2017-09-20,6,6,0,0,0.00,0.00,-5.3333333333333333,-6.3333333333333333,30.1,0.0,22.7,1013.5
LCH,Lake Charles Regional Airport,Lake Charles,2017-09-21,6,6,0,0,0.00,0.00,26.6666666666666667,3.0000000000000000,29.4,0.3,20.2,1014.5
LCH,Lake Charles Regional Airport,Lake Charles,2017-09-22,6,6,0,0,0.00,0.00,-14.6666666666666667,-16.3333333333333333,29.0,0.0,16.2,1014.1
LCH,Lake Charles Regional Airport,Lake Charles,2017-09-23,2,2,0,0,0.00,0.00,-10.0000000000000000,-19.0000000000000000,29.2,0.0,15.8,1012.8
LCH,Lake Charles Regional Airport,Lake Charles,2017-09-24,4,4,0,0,0.00,0.00,-8.5000000000000000,-7.5000000000000000,29.4,0.0,17.6,1011.9
LCH,Lake Charles Regional Airport,Lake Charles,2017-09-25,6,6,0,0,0.00,0.00,-8.0000000000000000,-6.6666666666666667,29.3,0.0,18.0,1011.1
LCH,Lake Charles Regional Airport,Lake Charles,2017-09-26,6,6,0,0,0.00,0.00,-7.6666666666666667,-16.3333333333333333,29.1,0.0,14.8,1011.8
LCH,Lake Charles Regional Airport,Lake Charles,2017-09-27,6,6,0,0,0.00,0.00,-10.0000000000000000,-10.6666666666666667,28.8,0.0,10.4,1013.0
LCH,Lake Charles Regional Airport,Lake Charles,2017-09-28,6,6,0,0,0.00,0.00,-0.66666666666666666667,-2.6666666666666667,29.3,0.0,9.4,1013.9
