"airport_code","station_id","date","avg_temp_c","min_temp_c","max_temp_c","precipitation_mm","max_snow_mm","avg_wind_direction","avg_wind_speed_kmh","wind_peakgust_kmh","avg_pressure_hpa","sun_minutes","day","week","month","year","day_name","week_name","month_name","season"
CRP,72251,2017-09-15,26.9,20.6,33.9,0.0,0,,18.4,,1011.1,,15.0,37.0,9.0,2017.0,friday,"3eek",september,autumn
CRP,72251,2017-09-16,27.4,21.1,33.9,0.0,0,,14.8,,1013.3,,16.0,37.0,9.0,2017.0,saturday,"3eek",september,autumn
CRP,72251,2017-09-17,27.8,22.8,33.9,0.0,0,,12.6,,1014.5,,17.0,37.0,9.0,2017.0,sunday,"3eek",september,autumn
CRP,72251,2017-09-18,28.7,25.0,33.9,4.1,0,,18.0,,1013.7,,18.0,38.0,9.0,2017.0,monday,"3eek",september,autumn
CRP,72251,2017-09-19,29.2,24.4,35.0,0.0,0,,21.6,,1012.0,,19.0,38.0,9.0,2017.0,tuesday,"3eek",september,autumn
CRP,72251,2017-09-20,29.4,25.0,35.0,0.0,0,,21.6,,1011.4,,20.0,38.0,9.0,2017.0,wednesday,"3eek",september,autumn
CRP,72251,2017-09-21,29.2,25.6,34.4,0.0,0,,21.6,,1012.1,,21.0,38.0,9.0,2017.0,thursday,"3eek",september,autumn
CRP,72251,2017-09-22,28.2,22.8,33.9,3.8,0,,21.6,,1011.9,,22.0,38.0,9.0,2017.0,friday,"4eek",september,autumn
CRP,72251,2017-09-23,28.0,23.3,33.9,0.0,0,,18.4,,1010.7,,23.0,38.0,9.0,2017.0,saturday,"4eek",september,autumn
CRP,72251,2017-09-24,28.4,23.9,33.9,0.0,0,,18.4,,1009.6,,24.0,38.0,9.0,2017.0,sunday,"4eek",september,autumn
CRP,72251,2017-09-25,28.1,24.4,32.8,12.2,0,,19.8,,1008.8,,25.0,39.0,9.0,2017.0,monday,"4eek",september,autumn
CRP,72251,2017-09-26,28.6,24.4,32.8,11.4,0,,19.8,,1009.3,,26.0,39.0,9.0,2017.0,tuesday,"4eek",september,autumn
CRP,72251,2017-09-27,27.9,25.6,32.2,0.0,0,,19.1,,1011.1,,27.0,39.0,9.0,2017.0,wednesday,"4eek",september,autumn
CRP,72251,2017-09-28,27.5,23.9,30.6,0.0,0,,15.1,,1013.1,,28.0,39.0,9.0,2017.0,thursday,"4eek",september,autumn
HOU,72244,2017-09-08,24.3,18.3,30.6,0.0,,,10.1,,,,8.0,36.0,9.0,2017.0,friday,"2eek",september,autumn
HOU,72244,2017-09-09,24.7,19.4,30.6,0.0,,,15.8,,,,9.0,36.0,9.0,2017.0,saturday,"2eek",september,autumn
HOU,72244,2017-09-10,25.6,20.6,31.1,0.0,,,18.7,,,,10.0,36.0,9.0,2017.0,sunday,"2eek",september,autumn
HOU,72244,2017-09-11,25.7,19.4,30.6,0.0,,,15.1,,,,11.0,37.0,9.0,2017.0,monday,"2eek",september,autumn
HOU,72244,2017-09-12,24.6,17.8,32.2,0.0,,,8.6,,,,12.0,37.0,9.0,2017.0,tuesday,"2eek",september,autumn
HOU,72244,2017-09-13,26.1,21.7,31.7,0.0,,,10.8,,,,13.0,37.0,9.0,2017.0,wednesday,"2eek",september,autumn
HOU,72244,2017-09-14,27.3,21.7,33.9,0.0,,,8.6,,,,14.0,37.0,9.0,2017.0,thursday,"2eek",september,autumn
HOU,72244,2017-09-15,27.6,23.3,33.9,0.0,,,9.4,,,,15.0,37.0,9.0,2017.0,friday,"3eek",september,autumn
HOU,72244,2017-09-16,27.9,22.2,35.0,0.0,,,5.8,,,,16.0,37.0,9.0,2017.0,saturday,"3eek",september,autumn
HOU,72244,2017-09-17,28.2,23.3,35.0,0.0,,,5.4,,,,17.0,37.0,9.0,2017.0,sunday,"3eek",september,autumn
HOU,72244,2017-09-18,28.7,23.9,33.9,33.5,,,7.9,,,,18.0,38.0,9.0,2017.0,monday,"3eek",september,autumn
HOU,72244,2017-09-19,28.2,25.6,34.4,0.0,,,10.8,,,,19.0,38.0,9.0,2017.0,tuesday,"3eek",september,autumn
HOU,72244,2017-09-20,28.9,26.1,33.9,31.2,,,10.1,,,,20.0,38.0,9.0,2017.0,wednesday,"3eek",september,autumn
HOU,72244,2017-09-21,27.2,23.9,31.7,15.5,,,7.9,,,,21.0,38.0,9.0,2017.0,thursday,"3eek",september,autumn
HOU,72244,2017-09-22,27.8,23.9,32.8,0.0,,,6.5,,,,22.0,38.0,9.0,2017.0,friday,"4eek",september,autumn
HOU,72244,2017-09-23,27.9,24.4,32.8,0.0,,,7.9,,,,23.0,38.0,9.0,2017.0,saturday,"4eek",september,autumn
HOU,72244,2017-09-24,28.1,23.9,32.8,0.0,,,9.4,,,,24.0,38.0,9.0,2017.0,sunday,"4eek",september,autumn
HOU,72244,2017-09-25,28.4,24.4,32.8,0.0,,,9.7,,,,25.0,39.0,9.0,2017.0,monday,"4eek",september,autumn
HOU,72244,2017-09-26,28.3,24.4,33.3,0.0,,,6.8,,,,26.0,39.0,9.0,2017.0,tuesday,"4eek",september,autumn
HOU,72244,2017-09-27,28.6,25.6,33.9,1.0,,,6.1,,,,27.0,39.0,9.0,2017.0,wednesday,"4eek",september,autumn
HOU,72244,2017-09-28,28.4,24.4,33.9,14.0,,,6.8,,,,28.0,39.0,9.0,2017.0,thursday,"4eek",september,autumn
IAH,72243,2017-09-08,22.4,16.1,29.4,0.0,0,,10.4,,1019.0,,8.0,36.0,9.0,2017.0,friday,"2eek",september,autumn
IAH,72243,2017-09-09,23.2,17.8,29.4,0.0,0,,11.2,,1018.8,,9.0,36.0,9.0,2017.0,saturday,"2eek",september,autumn
IAH,72243,2017-09-10,23.9,18.3,30.6,0.0,0,,12.6,,1018.1,,10.0,36.0,9.0,2017.0,sunday,"2eek",september,autumn
IAH,72243,2017-09-11,23.8,17.8,29.4,0.0,0,,11.2,,1015.8,,11.0,37.0,9.0,2017.0,monday,"2eek",september,autumn
IAH,72243,2017-09-12,22.7,15.6,31.1,0.0,0,,7.9,,1011.3,,12.0,37.0,9.0,2017.0,tuesday,"2eek",september,autumn
IAH,72243,2017-09-13,24.7,20.0,30.6,0.0,0,,7.9,,1009.8,,13.0,37.0,9.0,2017.0,wednesday,"2eek",september,autumn
IAH,72243,2017-09-14,26.2,19.4,32.8,0.0,0,,11.2,,1011.2,,14.0,37.0,9.0,2017.0,thursday,"2eek",september,autumn
IAH,72243,2017-09-15,26.0,20.6,32.2,0.0,0,,10.1,,1012.8,,15.0,37.0,9.0,2017.0,friday,"3eek",september,autumn
IAH,72243,2017-09-16,26.4,20.0,33.9,0.0,0,,6.8,,1014.6,,16.0,37.0,9.0,2017.0,saturday,"3eek",september,autumn
IAH,72243,2017-09-17,26.8,21.1,33.9,0.0,0,,7.6,,1015.8,,17.0,37.0,9.0,2017.0,sunday,"3eek",september,autumn
IAH,72243,2017-09-18,27.2,22.8,32.8,10.7,0,,6.5,,1015.0,,18.0,38.0,9.0,2017.0,monday,"3eek",september,autumn
IAH,72243,2017-09-19,26.8,22.8,33.9,0.0,0,,10.1,,1013.2,,19.0,38.0,9.0,2017.0,tuesday,"3eek",september,autumn
IAH,72243,2017-09-20,28.7,25.0,33.9,12.2,0,,10.8,,1012.8,,20.0,38.0,9.0,2017.0,wednesday,"3eek",september,autumn
IAH,72243,2017-09-21,26.8,23.9,31.1,0.5,0,,9.4,,1014.2,,21.0,38.0,9.0,2017.0,thursday,"3eek",september,autumn
LCH,72242,2017-09-01,28.3,25.6,32.8,0.0,0,,8.6,,1015.4,,1.0,35.0,9.0,2017.0,friday,"1eek",september,autumn
LCH,72242,2017-09-02,28.4,25.6,31.7,0.0,0,,6.5,,1017.0,,2.0,35.0,9.0,2017.0,saturday,"1eek",september,autumn
LCH,72242,2017-09-03,28.9,26.7,31.7,0.0,0,,9.7,,1018.0,,3.0,35.0,9.0,2017.0,sunday,"1eek",september,autumn
LCH,72242,2017-09-04,28.9,26.7,31.7,0.0,0,,9.4,,1016.5,,4.0,36.0,9.0,2017.0,monday,"1eek",september,autumn
LCH,72242,2017-09-05,29.2,27.2,32.2,0.0,0,,7.6,,1015.0,,5.0,36.0,9.0,2017.0,tuesday,"1eek",september,autumn
LCH,72242,2017-09-06,27.4,23.9,29.4,0.0,0,,23.4,,1016.2,,6.0,36.0,9.0,2017.0,wednesday,"1eek",september,autumn
LCH,72242,2017-09-07,25.4,21.7,28.9,0.0,0,,17.6,,1018.6,,7.0,36.0,9.0,2017.0,thursday,"1eek",september,autumn
LCH,72242,2017-09-08,25.4,22.2,28.9,0.0,0,,17.6,,1018.5,,8.0,36.0,9.0,2017.0,friday,"2eek",september,autumn
LCH,72242,2017-09-09,25.3,21.1,29.4,0.0,0,,18.4,,1018.2,,9.0,36.0,9.0,2017.0,saturday,"2eek",september,autumn
LCH,72242,2017-09-10,25.8,21.7,30.6,0.0,0,,22.3,,1017.3,,10.0,36.0,9.0,2017.0,sunday,"2eek",september,autumn
LCH,72242,2017-09-11,25.7,22.2,29.4,0.0,0,,19.8,,1015.3,,11.0,37.0,9.0,2017.0,monday,"2eek",september,autumn
LCH,72242,2017-09-12,25.4,21.1,30.6,0.0,0,,11.2,,1011.6,,12.0,37.0,9.0,2017.0,tuesday,"2eek",september,autumn
LCH,72242,2017-09-13,27.2,25.0,31.7,0.0,0,,17.6,,1010.2,,13.0,37.0,9.0,2017.0,wednesday,"2eek",september,autumn
LCH,72242,2017-09-14,28.1,26.1,31.1,0.0,0,,16.9,,1011.7,,14.0,37.0,9.0,2017.0,thursday,"2eek",september,autumn
LCH,72242,2017-09-15,28.2,25.6,31.1,0.0,0,,16.2,,1013.1,,15.0,37.0,9.0,2017.0,friday,"3eek",september,autumn
LCH,72242,2017-09-16,28.2,25.0,31.7,0.0,,,11.9,,1014.9,,16.0,37.0,9.0,2017.0,saturday,"3eek",september,autumn
LCH,72242,2017-09-17,28.8,26.1,32.2,0.0,0,,13.7,,1015.9,,17.0,37.0,9.0,2017.0,sunday,"3eek",september,autumn
LCH,72242,2017-09-18,29.6,27.8,32.2,0.0,0,,17.6,,,,18.0,38.0,9.0,2017.0,monday,"3eek",september,autumn
LCH,72242,2017-09-19,29.6,27.8,32.2,0.0,0,,19.4,,1013.8,,19.0,38.0,9.0,2017.0,tuesday,"3eek",september,autumn
LCH,72242,2017-09-20,30.1,28.3,33.3,0.0,0,,22.7,,1013.5,,20.0,38.0,9.0,2017.0,wednesday,"3eek",september,autumn
LCH,72242,2017-09-21,29.4,27.8,32.2,0.3,0,,20.2,,1014.5,,21.0,38.0,9.0,2017.0,thursday,"3eek",september,autumn
LCH,72242,2017-09-22,29.0,26.7,32.2,0.0,0,,16.2,,1014.1,,22.0,38.0,9.0,2017.0,friday,"4eek",september,autumn
LCH,72242,2017-09-23,29.2,27.2,32.2,0.0,,,15.8,,1012.8,,23.0,38.0,9.0,2017.0,saturday,"4eek",september,autumn
LCH,72242,2017-09-24,29.4,27.2,32.2,0.0,0,,17.6,,1011.9,,24.0,38.0,9.0,2017.0,sunday,"4eek",september,autumn
LCH,72242,2017-09-25,29.3,27.8,32.2,0.0,0,,18.0,,1011.1,,25.0,39.0,9.0,2017.0,monday,"4eek",september,autumn
LCH,72242,2017-09-26,29.1,27.2,32.2,0.0,0,,14.8,,1011.8,,26.0,39.0,9.0,2017.0,tuesday,"4eek",september,autumn
LCH,72242,2017-09-27,28.8,26.7,31.7,0.0,0,,10.4,,1013.0,,27.0,39.0,9.0,2017.0,wednesday,"4eek",september,autumn
LCH,72242,2017-09-28,29.3,26.7,33.3,0.0,0,,9.4,,1013.9,,28.0,39.0,9.0,2017.0,thursday,"4eek",september,autumn
IAH,72243,2017-09-22,26.4,21.7,32.8,0.0,0,,7.2,,1013.8,,22.0,38.0,9.0,2017.0,friday,"4eek",september,autumn
IAH,72243,2017-09-23,26.9,22.2,32.8,0.0,0,,10.8,,1012.6,,23.0,38.0,9.0,2017.0,saturday,"4eek",september,autumn
IAH,72243,2017-09-24,26.8,22.2,33.3,0.3,0,,10.4,,1011.8,,24.0,38.0,9.0,2017.0,sunday,"4eek",september,autumn
IAH,72243,2017-09-25,26.2,22.8,32.8,0.0,0,,11.9,,1011.0,,25.0,39.0,9.0,2017.0,monday,"4eek",september,autumn
IAH,72243,2017-09-26,26.6,22.2,32.2,0.0,0,,7.9,,1011.6,,26.0,39.0,9.0,2017.0,tuesday,"4eek",september,autumn
IAH,72243,2017-09-27,27.5,23.9,33.3,0.0,0,,6.8,,1012.9,,27.0,39.0,9.0,2017.0,wednesday,"4eek",september,autumn
IAH,72243,2017-09-28,27.4,23.9,33.9,6.1,0,,7.2,,1014.0,,28.0,39.0,9.0,2017.0,thursday,"4eek",september,autumn
IAH,72243,2017-09-01,26.7,21.1,33.3,0.0,0,,7.2,,1015.1,,1.0,35.0,9.0,2017.0,friday,"1eek",september,autumn
IAH,72243,2017-09-02,27.4,22.2,33.9,0.0,0,,4.7,,1016.7,,2.0,35.0,9.0,2017.0,saturday,"1eek",september,autumn
IAH,72243,2017-09-03,27.1,22.8,33.3,0.0,0,,5.8,,1017.8,,3.0,35.0,9.0,2017.0,sunday,"1eek",september,autumn
IAH,72243,2017-09-04,27.1,22.2,32.8,0.0,0,,7.2,,1016.3,,4.0,36.0,9.0,2017.0,monday,"1eek",september,autumn
IAH,72243,2017-09-05,27.4,22.8,33.9,0.0,0,,4.7,,1014.9,,5.0,36.0,9.0,2017.0,tuesday,"1eek",september,autumn
IAH,72243,2017-09-06,25.7,18.9,29.4,1.5,0,,14.8,,1017.0,,6.0,36.0,9.0,2017.0,wednesday,"1eek",september,autumn
IAH,72243,2017-09-07,22.3,16.1,28.3,0.0,0,,10.8,,1019.0,,7.0,36.0,9.0,2017.0,thursday,"1eek",september,autumn
HOU,72244,2017-09-01,28.5,23.3,33.9,0.0,,,5.8,,,,1.0,35.0,9.0,2017.0,friday,"1eek",september,autumn
HOU,72244,2017-09-02,28.4,23.3,33.9,0.0,,,4.7,,,,2.0,35.0,9.0,2017.0,saturday,"1eek",september,autumn
HOU,72244,2017-09-03,28.6,24.4,33.9,0.0,,,4.7,,,,3.0,35.0,9.0,2017.0,sunday,"1eek",september,autumn
HOU,72244,2017-09-04,28.2,24.4,32.8,0.0,,,5.8,,,,4.0,36.0,9.0,2017.0,monday,"1eek",september,autumn
HOU,72244,2017-09-05,28.7,24.4,35.0,0.0,,,5.4,,,,5.0,36.0,9.0,2017.0,tuesday,"1eek",september,autumn
HOU,72244,2017-09-06,27.2,20.6,30.0,0.0,,,18.0,,,,6.0,36.0,9.0,2017.0,wednesday,"1eek",september,autumn
HOU,72244,2017-09-07,24.1,18.3,30.0,0.0,,,10.8,,,,7.0,36.0,9.0,2017.0,thursday,"1eek",september,autumn
CRP,72251,2017-09-01,28.6,23.3,33.9,0.0,0,,12.2,,1014.7,,1.0,35.0,9.0,2017.0,friday,"1eek",september,autumn
CRP,72251,2017-09-02,27.0,21.1,32.8,0.0,0,,10.1,,1016.1,,2.0,35.0,9.0,2017.0,saturday,"1eek",september,autumn
CRP,72251,2017-09-03,26.9,22.8,32.8,0.0,0,,10.4,,1016.9,,3.0,35.0,9.0,2017.0,sunday,"1eek",september,autumn
CRP,72251,2017-09-04,27.5,24.4,31.1,5.3,0,,12.6,,1015.4,,4.0,36.0,9.0,2017.0,monday,"1eek",september,autumn
CRP,72251,2017-09-05,27.3,23.9,33.3,0.0,0,,6.1,,1014.5,,5.0,36.0,9.0,2017.0,tuesday,"1eek",september,autumn
CRP,72251,2017-09-06,26.3,22.2,29.4,0.0,0,,16.9,,1015.7,,6.0,36.0,9.0,2017.0,wednesday,"1eek",september,autumn
CRP,72251,2017-09-07,24.7,18.3,30.0,0.0,0,,17.3,,1017.8,,7.0,36.0,9.0,2017.0,thursday,"1eek",september,autumn
CRP,72251,2017-09-08,24.8,18.9,30.0,0.0,0,,20.5,,1017.1,,8.0,36.0,9.0,2017.0,friday,"2eek",september,autumn
CRP,72251,2017-09-09,25.9,20.6,31.1,0.0,0,,17.6,,1017.3,,9.0,36.0,9.0,2017.0,saturday,"2eek",september,autumn
CRP,72251,2017-09-10,24.7,19.4,30.0,0.0,0,,12.6,,1017.0,,10.0,36.0,9.0,2017.0,sunday,"2eek",september,autumn
CRP,72251,2017-09-11,24.1,17.8,31.1,0.0,0,,14.4,,1015.6,,11.0,37.0,9.0,2017.0,monday,"2eek",september,autumn
CRP,72251,2017-09-12,24.4,16.1,32.8,0.0,0,,10.1,,1012.0,,12.0,37.0,9.0,2017.0,tuesday,"2eek",september,autumn
CRP,72251,2017-09-13,25.1,17.2,34.4,0.0,0,,15.5,,1009.3,,13.0,37.0,9.0,2017.0,wednesday,"2eek",september,autumn
CRP,72251,2017-09-14,27.7,23.3,33.9,0.0,0,,20.9,,1009.5,,14.0,37.0,9.0,2017.0,thursday,"2eek",september,autumn
BPT,72249,2017-09-01,,18.9,31.1,0.0,0,,,,,,1.0,35.0,9.0,2017.0,friday,"1eek",september,autumn
BPT,72249,2017-09-02,,20.6,33.3,0.0,0,,,,,,2.0,35.0,9.0,2017.0,saturday,"1eek",september,autumn
BPT,72249,2017-09-03,,22.2,33.9,0.0,0,,,,,,3.0,35.0,9.0,2017.0,sunday,"1eek",september,autumn
BPT,72249,2017-09-04,,22.2,33.9,0.0,0,,,,,,4.0,36.0,9.0,2017.0,monday,"1eek",september,autumn
BPT,72249,2017-09-05,,21.7,31.1,0.0,0,,,,,,5.0,36.0,9.0,2017.0,tuesday,"1eek",september,autumn
BPT,72249,2017-09-06,,16.7,27.2,0.0,0,,,,,,6.0,36.0,9.0,2017.0,wednesday,"1eek",september,autumn
BPT,72249,2017-09-07,,14.4,28.3,0.0,0,,,,,,7.0,36.0,9.0,2017.0,thursday,"1eek",september,autumn
BPT,72249,2017-09-08,,15.0,27.8,0.0,0,,,,,,8.0,36.0,9.0,2017.0,friday,"2eek",september,autumn
BPT,72249,2017-09-09,,16.7,28.3,0.0,0,,,,,,9.0,36.0,9.0,2017.0,saturday,"2eek",september,autumn
BPT,72249,2017-09-10,,17.2,27.8,0.0,0,,,,,,10.0,36.0,9.0,2017.0,sunday,"2eek",september,autumn
BPT,72249,2017-09-11,,16.7,28.3,0.0,0,,,,,,11.0,37.0,9.0,2017.0,monday,"2eek",september,autumn
BPT,72249,2017-09-12,,16.1,28.3,0.0,0,,,,,,12.0,37.0,9.0,2017.0,tuesday,"2eek",september,autumn
BPT,72249,2017-09-13,,16.7,31.1,0.0,0,,,,,,13.0,37.0,9.0,2017.0,wednesday,"2eek",september,autumn
BPT,72249,2017-09-14,,18.9,35.0,0.0,0,,,,,,14.0,37.0,9.0,2017.0,thursday,"2eek",september,autumn
BPT,72249,2017-09-15,,21.7,33.3,0.0,0,,,,,,15.0,37.0,9.0,2017.0,friday,"3eek",september,autumn
BPT,72249,2017-09-16,,22.2,33.9,0.0,0,,,,,,16.0,37.0,9.0,2017.0,saturday,"3eek",september,autumn
BPT,72249,2017-09-17,,21.7,33.9,0.0,0,,,,,,17.0,37.0,9.0,2017.0,sunday,"3eek",september,autumn
BPT,72249,2017-09-18,,21.7,33.3,0.0,0,,,,,,18.0,38.0,9.0,2017.0,monday,"3eek",september,autumn
BPT,72249,2017-09-19,,22.8,35.0,0.0,0,,,,,,19.0,38.0,9.0,2017.0,tuesday,"3eek",september,autumn
BPT,72249,2017-09-20,,24.4,35.0,0.0,0,,,,,,20.0,38.0,9.0,2017.0,wednesday,"3eek",september,autumn
BPT,72249,2017-09-21,,24.4,33.9,0.0,0,,,,,,21.0,38.0,9.0,2017.0,thursday,"3eek",september,autumn
BPT,72249,2017-09-22,,22.2,32.2,0.0,0,,,,,,22.0,38.0,9.0,2017.0,friday,"4eek",september,autumn
BPT,72249,2017-09-23,,21.1,32.2,0.0,0,,,,,,23.0,38.0,9.0,2017.0,saturday,"4eek",september,autumn
BPT,72249,2017-09-24,,21.1,31.7,0.0,0,,,,,,24.0,38.0,9.0,2017.0,sunday,"4eek",september,autumn
BPT,72249,2017-09-25,,21.7,31.1,0.0,0,,,,,,25.0,39.0,9.0,2017.0,monday,"4eek",september,autumn
BPT,72249,2017-09-26,,22.2,30.6,0.5,0,,,,,,26.0,39.0,9.0,2017.0,tuesday,"4eek",september,autumn
BPT,72249,2017-09-27,,20.0,28.3,22.9,0,,,,,,27.0,39.0,9.0,2017.0,wednesday,"4eek",september,autumn
BPT,72249,2017-09-28,,18.3,22.2,9.4,0,,,,,,28.0,39.0,9.0,2017.0,thursday,"4eek",september,autumn
BPT,72249,2017-07-28,,26.7,37.2,0.0,0,,,,,,28.0,30.0,7.0,2017.0,friday,"4eek",july,summer
BPT,72249,2017-07-29,,26.1,35.0,0.0,0,,,,,,29.0,30.0,7.0,2017.0,saturday,"5eek",july,summer
BPT,72249,2017-07-30,,25.0,31.7,0.0,0,,,,,,30.0,30.0,7.0,2017.0,sunday,"5eek",july,summer
BPT,72249,2017-07-31,,22.2,31.7,0.0,0,,,,,,31.0,31.0,7.0,2017.0,monday,"5eek",july,summer
BPT,72249,2017-08-01,,21.7,30.6,3.6,0,,,,,,1.0,31.0,8.0,2017.0,tuesday,"1eek",august,summer
BPT,72249,2017-08-02,,20.6,25.0,70.6,0,,,,,,2.0,31.0,8.0,2017.0,wednesday,"1eek",august,summer
BPT,72249,2017-08-03,,22.2,31.7,0.0,0,,,,,,3.0,31.0,8.0,2017.0,thursday,"1eek",august,summer
BPT,72249,2017-08-04,,23.3,33.9,0.0,0,,,,,,4.0,31.0,8.0,2017.0,friday,"1eek",august,summer
BPT,72249,2017-08-05,,23.3,35.0,0.0,0,,,,,,5.0,31.0,8.0,2017.0,saturday,"1eek",august,summer
BPT,72249,2017-08-06,,22.8,36.1,2.8,0,,,,,,6.0,31.0,8.0,2017.0,sunday,"1eek",august,summer
BPT,72249,2017-08-07,,22.8,31.7,0.0,0,,,,,,7.0,32.0,8.0,2017.0,monday,"1eek",august,summer
BPT,72249,2017-08-08,,23.3,30.0,0.0,0,,,,,,8.0,32.0,8.0,2017.0,tuesday,"2eek",august,summer
BPT,72249,2017-08-09,,22.2,31.1,0.0,0,,,,,,9.0,32.0,8.0,2017.0,wednesday,"2eek",august,summer
BPT,72249,2017-08-10,,22.8,35.0,0.0,0,,,,,,10.0,32.0,8.0,2017.0,thursday,"2eek",august,summer
BPT,72249,2017-08-11,,25.6,35.0,0.0,0,,,,,,11.0,32.0,8.0,2017.0,friday,"2eek",august,summer
BPT,72249,2017-08-12,,23.3,35.0,15.7,0,,,,,,12.0,32.0,8.0,2017.0,saturday,"2eek",august,summer
BPT,72249,2017-08-13,,23.3,30.6,4.6,0,,,,,,13.0,32.0,8.0,2017.0,sunday,"2eek",august,summer
BPT,72249,2017-08-14,,21.7,32.8,8.4,0,,,,,,14.0,33.0,8.0,2017.0,monday,"2eek",august,summer
BPT,72249,2017-08-15,,25.6,33.3,0.0,0,,,,,,15.0,33.0,8.0,2017.0,tuesday,"3eek",august,summer
BPT,72249,2017-08-16,,25.6,33.9,0.0,0,,,,,,16.0,33.0,8.0,2017.0,wednesday,"3eek",august,summer
BPT,72249,2017-08-17,,22.8,33.9,0.5,0,,,,,,17.0,33.0,8.0,2017.0,thursday,"3eek",august,summer
BPT,72249,2017-08-18,,22.2,30.0,0.0,0,,,,,,18.0,33.0,8.0,2017.0,friday,"3eek",august,summer
BPT,72249,2017-08-19,,23.3,36.1,0.0,0,,,,,,19.0,33.0,8.0,2017.0,saturday,"3eek",august,summer
BPT,72249,2017-08-20,,25.6,35.6,0.0,0,,,,,,20.0,33.0,8.0,2017.0,sunday,"3eek",august,summer
BPT,72249,2017-08-21,,24.4,33.9,0.0,0,,,,,,21.0,34.0,8.0,2017.0,monday,"3eek",august,summer
BPT,72249,2017-08-22,,24.4,35.0,0.0,0,,,,,,22.0,34.0,8.0,2017.0,tuesday,"4eek",august,summer
BPT,72249,2017-08-23,,22.2,30.0,31.0,0,,,,,,23.0,34.0,8.0,2017.0,wednesday,"4eek",august,summer
BPT,72249,2017-08-24,,22.2,30.0,31.5,0,,,,,,24.0,34.0,8.0,2017.0,thursday,"4eek",august,summer
BPT,72249,2017-08-25,,22.8,29.4,1.0,0,,,,,,25.0,34.0,8.0,2017.0,friday,"4eek",august,summer
BPT,72249,2017-08-26,,21.7,25.6,3.8,0,,,,,,26.0,34.0,8.0,2017.0,saturday,"4eek",august,summer
BPT,72249,2017-08-27,,21.7,26.7,9.1,0,,,,,,27.0,34.0,8.0,2017.0,sunday,"4eek",august,summer
BPT,72249,2017-08-28,,21.1,28.9,0.0,0,,,,,,28.0,35.0,8.0,2017.0,monday,"4eek",august,summer
BPT,72249,2017-08-29,,19.4,29.4,0.0,0,,,,,,29.0,35.0,8.0,2017.0,tuesday,"5eek",august,summer
BPT,72249,2017-08-30,,18.9,29.4,0.0,0,,,,,,30.0,35.0,8.0,2017.0,wednesday,"5eek",august,summer
BPT,72249,2017-08-31,,19.4,30.0,0.0,0,,,,,,31.0,35.0,8.0,2017.0,thursday,"5eek",august,summer
LCH,72242,2017-08-04,28.3,26.1,31.7,1.5,0,,10.4,,1016.3,,4.0,31.0,8.0,2017.0,friday,"1eek",august,summer
IAH,72243,2017-07-29,31.2,26.7,37.8,0.0,0,,11.5,,1012.1,,29.0,30.0,7.0,2017.0,saturday,"5eek",july,summer
IAH,72243,2017-07-30,30.7,25.0,35.6,0.0,0,,11.5,,1013.9,,30.0,30.0,7.0,2017.0,sunday,"5eek",july,summer
IAH,72243,2017-07-31,28.3,22.2,33.9,0.0,0,,10.1,,1015.5,,31.0,31.0,7.0,2017.0,monday,"5eek",july,summer
IAH,72243,2017-08-01,28.2,22.8,33.9,0.0,0,,12.2,,1014.8,,1.0,31.0,8.0,2017.0,tuesday,"1eek",august,summer
IAH,72243,2017-08-02,27.3,23.9,32.2,2.3,0,,11.2,,1015.2,,2.0,31.0,8.0,2017.0,wednesday,"1eek",august,summer
IAH,72243,2017-08-03,26.1,23.9,31.7,0.0,0,,9.4,,1015.8,,3.0,31.0,8.0,2017.0,thursday,"1eek",august,summer
IAH,72243,2017-08-04,27.6,23.9,33.9,32.0,0,,7.6,,1016.0,,4.0,31.0,8.0,2017.0,friday,"1eek",august,summer
IAH,72243,2017-08-05,27.3,23.9,33.3,9.9,0,,8.3,,1015.0,,5.0,31.0,8.0,2017.0,saturday,"1eek",august,summer
IAH,72243,2017-08-06,28.6,25.0,34.4,2.5,0,,10.8,,1012.2,,6.0,31.0,8.0,2017.0,sunday,"1eek",august,summer
IAH,72243,2017-08-07,27.6,23.3,28.9,54.1,0,,8.6,,1012.8,,7.0,32.0,8.0,2017.0,monday,"1eek",august,summer
IAH,72243,2017-08-08,25.4,22.8,31.1,91.7,0,,7.6,,1014.0,,8.0,32.0,8.0,2017.0,tuesday,"2eek",august,summer
IAH,72243,2017-08-09,27.8,24.4,34.4,0.0,0,,8.6,,1015.0,,9.0,32.0,8.0,2017.0,wednesday,"2eek",august,summer
IAH,72243,2017-08-10,29.4,25.0,36.1,3.0,0,,5.8,,1017.5,,10.0,32.0,8.0,2017.0,thursday,"2eek",august,summer
IAH,72243,2017-08-11,29.3,25.0,36.1,0.0,0,,7.2,,1016.7,,11.0,32.0,8.0,2017.0,friday,"2eek",august,summer
IAH,72243,2017-08-12,30.8,26.1,36.1,0.0,0,,9.4,,1014.5,,12.0,32.0,8.0,2017.0,saturday,"2eek",august,summer
IAH,72243,2017-08-13,30.6,25.6,36.1,0.0,0,,11.2,,1012.6,,13.0,32.0,8.0,2017.0,sunday,"2eek",august,summer
IAH,72243,2017-08-14,30.9,27.2,35.6,0.0,0,,13.3,,1011.2,,14.0,33.0,8.0,2017.0,monday,"2eek",august,summer
IAH,72243,2017-08-15,30.7,26.7,36.1,0.0,0,,12.2,,1011.5,,15.0,33.0,8.0,2017.0,tuesday,"3eek",august,summer
IAH,72243,2017-08-16,31.0,27.8,35.6,0.0,0,,14.8,,1014.0,,16.0,33.0,8.0,2017.0,wednesday,"3eek",august,summer
IAH,72243,2017-08-17,31.3,27.2,36.1,0.0,0,,11.9,,1015.8,,17.0,33.0,8.0,2017.0,thursday,"3eek",august,summer
IAH,72243,2017-08-18,30.8,25.6,37.2,0.0,0,,9.0,,1015.8,,18.0,33.0,8.0,2017.0,friday,"3eek",august,summer
IAH,72243,2017-08-19,30.8,25.6,36.7,0.0,0,,7.6,,1015.1,,19.0,33.0,8.0,2017.0,saturday,"3eek",august,summer
IAH,72243,2017-08-20,30.4,23.9,36.1,0.0,0,,8.6,,1015.4,,20.0,33.0,8.0,2017.0,sunday,"3eek",august,summer
IAH,72243,2017-08-21,29.4,25.6,34.4,0.0,0,,9.4,,1017.5,,21.0,34.0,8.0,2017.0,monday,"3eek",august,summer
IAH,72243,2017-08-22,28.8,23.9,36.1,0.0,0,,6.1,,1016.6,,22.0,34.0,8.0,2017.0,tuesday,"4eek",august,summer
IAH,72243,2017-08-23,29.4,24.4,35.0,3.8,0,,8.6,,1013.8,,23.0,34.0,8.0,2017.0,wednesday,"4eek",august,summer
IAH,72243,2017-08-24,29.0,24.4,35.0,0.0,0,,13.0,,1011.3,,24.0,34.0,8.0,2017.0,thursday,"4eek",august,summer
IAH,72243,2017-08-25,25.6,24.4,26.7,9.9,0,,24.1,,1010.5,,25.0,34.0,8.0,2017.0,friday,"4eek",august,summer
IAH,72243,2017-08-26,25.4,23.3,26.1,212.6,0,,29.5,,1009.6,,26.0,34.0,8.0,2017.0,saturday,"4eek",august,summer
IAH,72243,2017-08-27,24.3,23.3,25.0,408.2,0,,24.8,,1007.6,,27.0,34.0,8.0,2017.0,sunday,"4eek",august,summer
IAH,72243,2017-08-28,22.8,21.7,23.3,101.6,0,,37.8,,1005.3,,28.0,35.0,8.0,2017.0,monday,"4eek",august,summer
IAH,72243,2017-08-29,22.4,22.2,23.9,61.7,0,,34.9,,1006.0,,29.0,35.0,8.0,2017.0,tuesday,"5eek",august,summer
IAH,72243,2017-08-30,24.9,22.8,30.0,0.0,0,,23.0,,1007.7,,30.0,35.0,8.0,2017.0,wednesday,"5eek",august,summer
IAH,72243,2017-08-31,27.8,22.8,33.9,0.0,0,,10.8,,1012.2,,31.0,35.0,8.0,2017.0,thursday,"5eek",august,summer
HOU,72244,2017-07-28,31.0,26.1,37.8,0.0,,,10.8,,,,28.0,30.0,7.0,2017.0,friday,"4eek",july,summer
HOU,72244,2017-07-29,31.7,27.2,38.9,0.0,,,11.5,,,,29.0,30.0,7.0,2017.0,saturday,"5eek",july,summer
HOU,72244,2017-07-30,31.6,27.8,36.1,0.0,,,11.9,,,,30.0,30.0,7.0,2017.0,sunday,"5eek",july,summer
HOU,72244,2017-07-31,30.2,25.0,35.0,0.0,,,12.6,,,,31.0,31.0,7.0,2017.0,monday,"5eek",july,summer
HOU,72244,2017-08-01,30.3,26.7,35.0,0.0,,,12.2,,,,1.0,31.0,8.0,2017.0,tuesday,"1eek",august,summer
HOU,72244,2017-08-02,28.6,25.0,32.8,6.6,,,7.6,,,,2.0,31.0,8.0,2017.0,wednesday,"1eek",august,summer
HOU,72244,2017-08-03,28.0,25.0,34.4,0.0,,,8.3,,,,3.0,31.0,8.0,2017.0,thursday,"1eek",august,summer
HOU,72244,2017-08-04,29.7,25.0,35.0,0.0,,,6.8,,,,4.0,31.0,8.0,2017.0,friday,"1eek",august,summer
HOU,72244,2017-08-05,28.7,25.0,35.0,7.4,,,8.3,,,,5.0,31.0,8.0,2017.0,saturday,"1eek",august,summer
HOU,72244,2017-08-06,29.3,26.7,34.4,0.8,,,12.2,,,,6.0,31.0,8.0,2017.0,sunday,"1eek",august,summer
HOU,72244,2017-08-07,28.7,24.4,31.7,14.7,,,6.8,,,,7.0,32.0,8.0,2017.0,monday,"1eek",august,summer
HOU,72244,2017-08-08,27.6,24.4,31.7,16.5,,,8.6,,,,8.0,32.0,8.0,2017.0,tuesday,"2eek",august,summer
HOU,72244,2017-08-09,29.4,25.6,35.0,0.0,,,9.7,,,,9.0,32.0,8.0,2017.0,wednesday,"2eek",august,summer
HOU,72244,2017-08-10,30.6,26.7,36.1,0.0,,,8.3,,,,10.0,32.0,8.0,2017.0,thursday,"2eek",august,summer
HOU,72244,2017-08-11,31.2,27.2,36.1,0.8,,,10.1,,,,11.0,32.0,8.0,2017.0,friday,"2eek",august,summer
HOU,72244,2017-08-12,31.3,27.2,37.2,0.0,,,11.2,,,,12.0,32.0,8.0,2017.0,saturday,"2eek",august,summer
HOU,72244,2017-08-13,31.2,26.7,36.7,0.0,,,14.0,,,,13.0,32.0,8.0,2017.0,sunday,"2eek",august,summer
HOU,72244,2017-08-14,31.2,27.2,36.7,0.0,,,14.4,,,,14.0,33.0,8.0,2017.0,monday,"2eek",august,summer
HOU,72244,2017-08-15,31.0,27.2,36.7,0.0,,,15.1,,,,15.0,33.0,8.0,2017.0,tuesday,"3eek",august,summer
HOU,72244,2017-08-16,31.2,27.8,36.1,0.3,,,14.8,,,,16.0,33.0,8.0,2017.0,wednesday,"3eek",august,summer
HOU,72244,2017-08-17,31.8,27.8,37.2,0.0,,,13.3,,,,17.0,33.0,8.0,2017.0,thursday,"3eek",august,summer
HOU,72244,2017-08-18,31.0,26.7,37.8,0.3,,,9.4,,,,18.0,33.0,8.0,2017.0,friday,"3eek",august,summer
HOU,72244,2017-08-19,31.3,26.7,37.8,0.0,,,7.9,,,,19.0,33.0,8.0,2017.0,saturday,"3eek",august,summer
HOU,72244,2017-08-20,30.5,26.1,36.7,0.0,,,6.5,,,,20.0,33.0,8.0,2017.0,sunday,"3eek",august,summer
HOU,72244,2017-08-21,30.7,27.2,35.0,0.0,,,7.9,,,,21.0,34.0,8.0,2017.0,monday,"3eek",august,summer
HOU,72244,2017-08-22,30.6,25.6,36.7,0.0,,,7.2,,,,22.0,34.0,8.0,2017.0,tuesday,"4eek",august,summer
HOU,72244,2017-08-23,30.2,26.1,35.0,0.0,,,7.2,,,,23.0,34.0,8.0,2017.0,wednesday,"4eek",august,summer
HOU,72244,2017-08-24,30.3,26.1,35.6,0.0,,,13.3,,,,24.0,34.0,8.0,2017.0,thursday,"4eek",august,summer
HOU,72244,2017-08-25,26.9,25.0,27.8,35.8,,,27.4,,,,25.0,34.0,8.0,2017.0,friday,"4eek",august,summer
HOU,72244,2017-08-26,27.4,24.4,30.0,306.6,,,25.6,,,,26.0,34.0,8.0,2017.0,saturday,"4eek",august,summer
HOU,72244,2017-08-27,26.1,24.4,27.8,279.1,,,16.9,,,,27.0,34.0,8.0,2017.0,sunday,"4eek",august,summer
HOU,72244,2017-08-28,24.8,22.8,26.1,239.0,,,31.3,,,,28.0,35.0,8.0,2017.0,monday,"4eek",august,summer
HOU,72244,2017-08-29,23.6,22.8,24.4,79.5,,,38.9,,,,29.0,35.0,8.0,2017.0,tuesday,"5eek",august,summer
HOU,72244,2017-08-30,26.4,23.3,31.7,0.0,,,26.3,,,,30.0,35.0,8.0,2017.0,wednesday,"5eek",august,summer
HOU,72244,2017-08-31,29.0,23.3,34.4,0.0,,,13.3,,,,31.0,35.0,8.0,2017.0,thursday,"5eek",august,summer
CRP,72251,2017-07-28,29.4,23.3,35.6,0.0,0,,16.9,,1013.4,,28.0,30.0,7.0,2017.0,friday,"4eek",july,summer
CRP,72251,2017-07-29,29.5,23.3,36.7,0.0,0,,15.5,,1012.2,,29.0,30.0,7.0,2017.0,saturday,"5eek",july,summer
CRP,72251,2017-07-30,29.0,23.9,36.1,0.0,0,,14.0,,1013.0,,30.0,30.0,7.0,2017.0,sunday,"5eek",july,summer
CRP,72251,2017-07-31,29.4,25.0,35.0,0.0,0,,10.8,,1014.0,,31.0,31.0,7.0,2017.0,monday,"5eek",july,summer
CRP,72251,2017-08-01,29.3,23.3,35.6,0.0,0,,10.8,,1013.8,,1.0,31.0,8.0,2017.0,tuesday,"1eek",august,summer
CRP,72251,2017-08-02,29.1,23.3,36.1,0.0,0,,10.8,,1013.8,,2.0,31.0,8.0,2017.0,wednesday,"1eek",august,summer
CRP,72251,2017-08-03,28.2,25.0,30.6,0.0,0,,10.4,,1015.3,,3.0,31.0,8.0,2017.0,thursday,"1eek",august,summer
CRP,72251,2017-08-04,29.0,25.6,35.0,0.3,0,,12.2,,1015.4,,4.0,31.0,8.0,2017.0,friday,"1eek",august,summer
CRP,72251,2017-08-05,29.7,25.0,36.1,0.0,0,,20.5,,1013.6,,5.0,31.0,8.0,2017.0,saturday,"1eek",august,summer
CRP,72251,2017-08-06,30.2,27.2,36.1,0.0,0,,25.2,,1010.8,,6.0,31.0,8.0,2017.0,sunday,"1eek",august,summer
CRP,72251,2017-08-07,30.1,27.8,35.6,7.6,0,,20.5,,1011.2,,7.0,32.0,8.0,2017.0,monday,"1eek",august,summer
CRP,72251,2017-08-08,29.4,24.4,35.6,0.0,0,,10.8,,1013.1,,8.0,32.0,8.0,2017.0,tuesday,"2eek",august,summer
CRP,72251,2017-08-09,29.4,24.4,35.6,0.0,0,,11.5,,1014.7,,9.0,32.0,8.0,2017.0,wednesday,"2eek",august,summer
CRP,72251,2017-08-10,29.5,23.9,35.0,13.0,0,,8.3,,1016.9,,10.0,32.0,8.0,2017.0,thursday,"2eek",august,summer
CRP,72251,2017-08-11,28.4,23.3,36.7,0.0,0,,13.7,,1016.3,,11.0,32.0,8.0,2017.0,friday,"2eek",august,summer
CRP,72251,2017-08-12,30.2,23.9,37.2,0.0,0,,17.6,,1014.0,,12.0,32.0,8.0,2017.0,saturday,"2eek",august,summer
CRP,72251,2017-08-13,30.2,24.4,36.7,0.0,0,,20.9,,1011.9,,13.0,32.0,8.0,2017.0,sunday,"2eek",august,summer
CRP,72251,2017-08-14,30.0,25.0,36.1,0.0,0,,23.0,,1010.3,,14.0,33.0,8.0,2017.0,monday,"2eek",august,summer
CRP,72251,2017-08-15,29.8,25.6,35.6,0.0,0,,23.4,,1010.4,,15.0,33.0,8.0,2017.0,tuesday,"3eek",august,summer
CRP,72251,2017-08-16,30.3,26.7,35.6,0.0,0,,24.8,,1012.7,,16.0,33.0,8.0,2017.0,wednesday,"3eek",august,summer
CRP,72251,2017-08-17,30.4,25.6,35.6,0.0,0,,22.0,,1014.9,,17.0,33.0,8.0,2017.0,thursday,"3eek",august,summer
CRP,72251,2017-08-18,29.9,25.0,37.2,0.0,0,,17.6,,1015.1,,18.0,33.0,8.0,2017.0,friday,"3eek",august,summer
CRP,72251,2017-08-19,30.1,24.4,36.7,0.0,0,,14.8,,1014.5,,19.0,33.0,8.0,2017.0,saturday,"3eek",august,summer
CRP,72251,2017-08-20,29.6,22.8,35.6,0.0,0,,14.4,,1014.5,,20.0,33.0,8.0,2017.0,sunday,"3eek",august,summer
CRP,72251,2017-08-21,29.5,23.9,34.4,0.0,0,,13.7,,1016.2,,21.0,34.0,8.0,2017.0,monday,"3eek",august,summer
CRP,72251,2017-08-22,29.3,23.3,35.0,0.5,0,,12.2,,1016.0,,22.0,34.0,8.0,2017.0,tuesday,"4eek",august,summer
CRP,72251,2017-08-23,28.9,22.8,35.6,0.0,0,,11.5,,1013.1,,23.0,34.0,8.0,2017.0,wednesday,"4eek",august,summer
CRP,72251,2017-08-24,29.2,24.4,34.4,8.4,0,,18.0,,1009.9,,24.0,34.0,8.0,2017.0,thursday,"4eek",august,summer
CRP,72251,2017-08-25,25.8,23.9,26.1,69.9,0,,,,,,25.0,34.0,8.0,2017.0,friday,"4eek",august,summer
CRP,72251,2017-08-26,25.4,23.9,26.7,48.0,0,,,,,,26.0,34.0,8.0,2017.0,saturday,"4eek",august,summer
CRP,72251,2017-08-27,25.8,23.9,28.9,0.5,0,,32.4,,1005.3,,27.0,34.0,8.0,2017.0,sunday,"4eek",august,summer
CRP,72251,2017-08-28,24.2,21.7,27.8,1.5,0,,36.4,,1005.9,,28.0,35.0,8.0,2017.0,monday,"4eek",august,summer
CRP,72251,2017-08-29,26.3,22.8,32.2,0.0,0,,25.6,,1008.7,,29.0,35.0,8.0,2017.0,tuesday,"5eek",august,summer
CRP,72251,2017-08-30,27.2,20.6,34.4,0.0,0,,13.0,,1011.1,,30.0,35.0,8.0,2017.0,wednesday,"5eek",august,summer
CRP,72251,2017-08-31,27.7,21.1,33.9,0.0,0,,10.4,,1013.1,,31.0,35.0,8.0,2017.0,thursday,"5eek",august,summer
LCH,72242,2017-07-28,30.1,27.2,32.8,0.0,0,,16.2,,1014.2,,28.0,30.0,7.0,2017.0,friday,"4eek",july,summer
LCH,72242,2017-07-29,30.0,27.8,33.9,0.0,0,,16.2,,1012.7,,29.0,30.0,7.0,2017.0,saturday,"5eek",july,summer
LCH,72242,2017-07-30,29.7,27.8,32.8,0.3,0,,11.5,,1013.9,,30.0,30.0,7.0,2017.0,sunday,"5eek",july,summer
LCH,72242,2017-07-31,29.2,25.6,32.2,0.0,0,,15.5,,1015.1,,31.0,31.0,7.0,2017.0,monday,"5eek",july,summer
LCH,72242,2017-08-01,29.7,27.8,32.8,0.0,0,,19.1,,1014.8,,1.0,31.0,8.0,2017.0,tuesday,"1eek",august,summer
LCH,72242,2017-08-02,27.7,23.9,29.4,24.1,0,,12.2,,1014.9,,2.0,31.0,8.0,2017.0,wednesday,"1eek",august,summer
LCH,72242,2017-08-03,26.9,25.0,31.1,0.3,0,,10.1,,1015.7,,3.0,31.0,8.0,2017.0,thursday,"1eek",august,summer
IAH,72243,2017-07-28,30.7,26.1,37.2,0.0,0,,9.7,,1013.6,,28.0,30.0,7.0,2017.0,friday,"4eek",july,summer
LCH,72242,2017-08-05,28.1,25.6,30.6,1.5,0,,14.0,,1015.5,,5.0,31.0,8.0,2017.0,saturday,"1eek",august,summer
LCH,72242,2017-08-06,29.4,26.7,33.3,1.8,0,,24.1,,1013.0,,6.0,31.0,8.0,2017.0,sunday,"1eek",august,summer
LCH,72242,2017-08-07,29.3,26.1,32.2,2.5,0,,18.4,,1013.2,,7.0,32.0,8.0,2017.0,monday,"1eek",august,summer
LCH,72242,2017-08-08,27.9,24.4,31.1,11.4,0,,13.7,,1013.8,,8.0,32.0,8.0,2017.0,tuesday,"2eek",august,summer
LCH,72242,2017-08-09,27.8,24.4,31.1,45.5,0,,16.2,,1015.4,,9.0,32.0,8.0,2017.0,wednesday,"2eek",august,summer
LCH,72242,2017-08-10,29.7,28.3,32.2,0.0,0,,13.3,,1017.9,,10.0,32.0,8.0,2017.0,thursday,"2eek",august,summer
LCH,72242,2017-08-11,30.1,28.3,32.2,1.5,0,,15.5,,1017.3,,11.0,32.0,8.0,2017.0,friday,"2eek",august,summer
LCH,72242,2017-08-12,30.1,28.3,32.8,0.0,0,,18.4,,1015.2,,12.0,32.0,8.0,2017.0,saturday,"2eek",august,summer
LCH,72242,2017-08-13,30.4,28.3,32.8,0.0,0,,21.6,,1013.4,,13.0,32.0,8.0,2017.0,sunday,"2eek",august,summer
LCH,72242,2017-08-14,30.4,28.9,32.8,0.0,0,,22.0,,1012.1,,14.0,33.0,8.0,2017.0,monday,"2eek",august,summer
LCH,72242,2017-08-15,30.5,28.9,32.8,0.0,0,,23.4,,1012.4,,15.0,33.0,8.0,2017.0,tuesday,"3eek",august,summer
LCH,72242,2017-08-16,30.9,29.4,33.9,0.0,0,,26.6,,1014.9,,16.0,33.0,8.0,2017.0,wednesday,"3eek",august,summer
LCH,72242,2017-08-17,31.0,28.9,33.3,0.0,0,,20.5,,1016.7,,17.0,33.0,8.0,2017.0,thursday,"3eek",august,summer
LCH,72242,2017-08-18,30.6,28.9,33.3,0.0,0,,18.4,,1016.4,,18.0,33.0,8.0,2017.0,friday,"3eek",august,summer
LCH,72242,2017-08-19,30.3,27.8,33.3,0.0,0,,13.7,,1015.5,,19.0,33.0,8.0,2017.0,saturday,"3eek",august,summer
LCH,72242,2017-08-20,29.9,27.2,33.3,0.0,0,,11.5,,1015.8,,20.0,33.0,8.0,2017.0,sunday,"3eek",august,summer
LCH,72242,2017-08-21,30.4,28.3,32.8,0.0,0,,15.1,,1017.7,,21.0,34.0,8.0,2017.0,monday,"3eek",august,summer
LCH,72242,2017-08-22,29.8,26.1,32.8,4.6,0,,9.7,,1017.0,,22.0,34.0,8.0,2017.0,tuesday,"4eek",august,summer
LCH,72242,2017-08-23,29.1,25.6,32.8,1.8,0,,10.1,,1014.1,,23.0,34.0,8.0,2017.0,wednesday,"4eek",august,summer
LCH,72242,2017-08-24,29.3,25.6,32.8,0.8,0,,17.6,,1011.1,,24.0,34.0,8.0,2017.0,thursday,"4eek",august,summer
LCH,72242,2017-08-25,27.4,24.4,29.4,71.1,0,,36.4,,,,25.0,34.0,8.0,2017.0,friday,"4eek",august,summer
LCH,72242,2017-08-26,27.4,23.9,28.9,104.6,0,,41.8,,,,26.0,34.0,8.0,2017.0,saturday,"4eek",august,summer
LCH,72242,2017-08-27,27.0,23.9,27.8,88.6,0,,42.5,,,,27.0,34.0,8.0,2017.0,sunday,"4eek",august,summer
LCH,72242,2017-08-28,25.3,22.2,26.7,96.3,0,,32.4,,,,28.0,35.0,8.0,2017.0,monday,"4eek",august,summer
LCH,72242,2017-08-29,22.3,21.1,23.3,219.5,0,,52.2,,1001.9,,29.0,35.0,8.0,2017.0,tuesday,"5eek",august,summer
LCH,72242,2017-08-30,24.7,21.1,31.7,0.0,0,,25.2,,1006.9,,30.0,35.0,8.0,2017.0,wednesday,"5eek",august,summer
LCH,72242,2017-08-31,28.6,24.4,33.3,0.0,0,,14.8,,1012.7,,31.0,35.0,8.0,2017.0,thursday,"5eek",august,summer
